,text_id,gender,religion,race,label,score
0,2,0,0,2,1,0.011261474341154099
1,3,0,0,2,0,0.9554542303085327
2,4,0,0,2,1,0.002183313714340329
3,11,1,0,2,1,0.0007562984246760607
4,16,0,0,2,1,0.003966676536947489
5,18,1,0,0,1,0.0006387702305801213
6,19,0,0,2,1,0.0006644770037382841
7,22,0,0,2,1,0.0008376126643270254
8,24,2,0,0,1,0.0009113220148719847
9,27,3,0,0,0,0.9809935092926025
10,32,2,0,2,1,0.005864301230758429
11,36,1,0,0,1,0.0008971674833446741
12,37,1,0,0,1,0.0007901501376181841
13,38,2,0,2,0,0.9840812683105469
14,42,2,0,2,0,0.9787391424179077
15,45,2,0,2,1,0.001758573460392654
16,47,0,0,2,1,0.001019321265630424
17,56,2,0,1,1,0.0019041219493374228
18,63,0,0,2,1,0.004074046388268471
19,65,0,3,0,1,0.0020515790674835443
20,68,0,3,0,0,0.9846457839012146
21,70,2,0,0,1,0.002981374505907297
22,77,1,0,0,1,0.0006733464542776346
23,80,1,0,1,1,0.0013825821224600077
24,83,1,0,0,1,0.004441513679921627
25,85,1,0,2,0,0.9819128513336182
26,87,1,0,0,1,0.0011641307501122355
27,91,0,0,2,1,0.0033410547766834497
28,95,0,0,2,0,0.8950766921043396
29,105,0,0,2,1,0.012385161593556404
30,106,0,0,1,1,0.005746482405811548
31,107,1,0,0,1,0.0018214239971712232
32,110,2,0,0,1,0.0018056966364383698
33,111,2,0,0,1,0.0013681815471500158
34,114,0,3,0,1,0.0017387161497026682
35,115,2,0,1,1,0.0056488411501049995
36,125,1,0,0,1,0.0012987983645871282
37,129,2,0,0,1,0.005067870952188969
38,130,1,0,0,1,0.005015680566430092
39,131,0,0,2,1,0.001059216563589871
40,134,1,0,0,1,0.00130253448151052
41,137,0,0,2,1,0.0031122793443500996
42,141,1,0,0,1,0.0028279204852879047
43,142,0,0,1,1,0.0018255988834425807
44,144,1,0,0,1,0.0009414847008883953
45,145,1,0,0,1,0.0005862541729584336
46,146,2,0,0,1,0.0023935064673423767
47,148,2,1,0,1,0.0007447304669767618
48,153,2,0,0,1,0.000914817675948143
49,154,1,0,0,1,0.0010157802607864141
50,158,1,0,0,1,0.0008140885038301349
51,159,0,3,0,0,0.9770207405090332
52,163,0,0,2,1,0.9320045709609985
53,164,1,0,1,1,0.002355121076107025
54,166,1,1,2,1,0.00072297832230106
55,175,0,0,2,0,0.9869982004165649
56,176,1,0,0,1,0.004517673049122095
57,177,2,0,0,1,0.0018156749429181218
58,178,0,0,2,1,0.0007967319106683135
59,181,1,0,0,1,0.0018090404337272048
60,188,0,0,2,1,0.00192549719940871
61,195,2,0,0,0,0.9852262139320374
62,200,0,0,2,1,0.0011518372921273112
63,202,2,0,0,1,0.0012499321019276977
64,203,0,0,2,1,0.0013758077984675765
65,207,0,0,1,0,0.9856921434402466
66,208,2,0,0,1,0.00193979952018708
67,210,1,0,0,1,0.0007413356215693057
68,216,0,1,0,0,0.9858543276786804
69,231,0,0,1,1,0.006808124948292971
70,232,2,0,0,1,0.0007530395523644984
71,235,2,0,2,1,0.0009912754176184535
72,246,0,0,2,1,0.002007941249758005
73,249,0,0,1,1,0.001924436422996223
74,255,2,0,0,0,0.9860490560531616
75,268,0,0,1,1,0.0021801732946187258
76,272,0,0,2,0,0.9857601523399353
77,274,1,0,0,1,0.0010845131473615766
78,275,2,0,2,1,0.0019973779562860727
79,276,2,0,0,1,0.0005925721488893032
80,277,0,0,2,1,0.0022104827221482992
81,286,0,0,2,1,0.0008043013513088226
82,289,0,3,0,0,0.9851694107055664
83,291,0,3,0,0,0.9843801259994507
84,296,1,0,0,1,0.0009028615895658731
85,297,1,2,0,1,0.007804004941135645
86,298,0,0,2,1,0.0017401218647137284
87,300,0,0,2,1,0.0010799772571772337
88,301,0,0,2,1,0.0011413454776629806
89,303,2,0,2,1,0.0008381227380596101
90,309,1,0,2,0,0.9738107323646545
91,321,0,0,2,1,0.002397497184574604
92,323,0,0,1,0,0.9850051403045654
93,326,0,0,2,1,0.0014603212475776672
94,331,2,0,0,0,0.9865973591804504
95,336,0,0,2,1,0.0024446051102131605
96,344,2,0,2,1,0.0030324996914714575
97,346,2,0,0,1,0.0005618684808723629
98,354,1,0,0,0,0.9829170107841492
99,357,0,0,2,1,0.0031840603332966566
100,358,1,0,0,1,0.0013734931126236916
101,363,0,0,2,1,0.0016586753772571683
102,369,2,0,0,1,0.0009152583661489189
103,371,0,0,1,0,0.9845149517059326
104,372,0,0,2,1,0.0008683094056323171
105,373,0,0,1,0,0.9864776134490967
106,374,1,0,0,1,0.0011525143636390567
107,377,0,0,2,1,0.0011378532508388162
108,378,0,2,0,1,0.023801235482096672
109,379,1,0,0,1,0.0012187301181256771
110,382,2,0,0,1,0.0022481135092675686
111,384,1,0,0,0,0.9764877557754517
112,389,0,0,2,1,0.001133169629611075
113,390,1,0,0,1,0.009453599341213703
114,391,2,2,0,1,0.001831880770623684
115,401,2,0,0,1,0.0010688650654628873
116,402,0,0,1,1,0.0012831317726522684
117,404,1,1,0,1,0.0060518658719956875
118,405,2,0,0,1,0.0014934472274035215
119,406,1,3,2,0,0.9861482381820679
120,412,2,0,0,1,0.0010325093753635883
121,413,0,0,1,0,0.9832949042320251
122,416,0,0,1,1,0.003040935844182968
123,417,3,0,0,0,0.9752285480499268
124,418,1,0,0,1,0.0008320941124111414
125,419,0,0,2,1,0.012197033502161503
126,422,2,0,0,1,0.0007048652623780072
127,428,2,0,0,0,0.9855995178222656
128,430,1,0,0,1,0.0005391298327594995
129,433,2,0,0,1,0.0013269736664369702
130,434,0,0,2,1,0.0006461226148530841
131,436,1,0,0,1,0.0007306429324671626
132,437,1,0,2,1,0.0018826419254764915
133,441,0,0,2,1,0.0009073910186998546
134,451,0,0,2,1,0.006154336966574192
135,454,0,0,2,0,0.9826115369796753
136,455,1,0,0,1,0.0009047182975336909
137,465,1,0,0,0,0.9846752285957336
138,468,0,0,1,0,0.9856454730033875
139,472,2,0,0,1,0.0005633904365822673
140,475,0,0,2,1,0.0011027718428522348
141,477,0,0,2,1,0.0007046840037219226
142,485,0,0,2,1,0.0008972033974714577
143,487,2,0,0,0,0.9881460666656494
144,488,2,0,0,1,0.0007560387020930648
145,489,0,0,2,1,0.0007147312862798572
146,495,0,0,2,1,0.0029512234032154083
147,496,0,0,1,1,0.003346222685649991
148,509,2,0,2,1,0.005137110128998756
149,511,1,0,0,1,0.0013517438201233745
150,521,0,0,2,1,0.00803288072347641
151,523,0,0,2,1,0.000979861244559288
152,530,0,0,2,1,0.0010587399592623115
153,532,3,0,0,1,0.003982533235102892
154,534,0,0,2,1,0.002310729119926691
155,536,0,0,2,1,0.003624164266511798
156,537,0,0,2,1,0.0007891652057878673
157,543,0,0,1,0,0.9646137356758118
158,544,0,0,1,0,0.9840049743652344
159,550,0,3,2,1,0.0008563329465687275
160,551,1,0,0,1,0.0010018302127718925
161,553,1,0,0,1,0.0007856955053284764
162,555,0,3,0,1,0.004529100377112627
163,559,1,0,0,1,0.000902562343981117
164,560,2,0,0,1,0.0012656822800636292
165,566,0,0,2,1,0.002345962915569544
166,568,2,0,0,1,0.0010841188486665487
167,570,2,0,2,1,0.0017371890135109425
168,571,1,0,0,1,0.0009593277354724705
169,573,0,0,2,1,0.001440229476429522
170,578,0,0,2,1,0.004046593327075243
171,579,2,0,0,1,0.0007552681490778923
172,589,0,0,2,1,0.0014381003566086292
173,596,1,0,0,1,0.0013060051715001464
174,598,0,1,0,1,0.0010213168570771813
175,599,1,0,0,1,0.0009511797688901424
176,614,0,0,2,1,0.0026853932067751884
177,615,0,0,2,1,0.0015529150841757655
178,617,2,0,0,1,0.0014379710191860795
179,619,1,0,0,1,0.0012398827821016312
180,621,0,0,2,1,0.0007623425917699933
181,623,1,0,2,1,0.0011083896970376372
182,645,0,3,0,0,0.9830119013786316
183,646,0,0,2,1,0.002535158535465598
184,648,0,0,1,1,0.004334556870162487
185,649,1,0,2,1,0.001584065961651504
186,650,0,0,2,1,0.000953997892793268
187,654,2,0,0,1,0.002046197187155485
188,662,0,0,2,1,0.0014673692639917135
189,672,0,0,2,1,0.001036748755723238
190,687,0,0,2,1,0.0014819023199379444
191,688,1,0,0,0,0.9875933527946472
192,695,0,3,0,1,0.0007122643874026835
193,699,0,0,2,0,0.986702024936676
194,701,0,0,1,0,0.9872610569000244
195,703,0,0,1,1,0.0029946661088615656
196,704,0,0,2,1,0.0007092363084666431
197,706,2,0,2,1,0.0023638177663087845
198,708,2,0,0,1,0.0019443107303231955
199,711,0,0,2,1,0.0025190941523760557
200,727,0,0,2,1,0.003594805020838976
201,735,2,0,2,1,0.005800169426947832
202,737,0,0,2,1,0.0008461495744995773
203,741,2,0,0,1,0.002084907377138734
204,747,2,0,0,0,0.9853810667991638
205,749,1,0,0,1,0.000864290283061564
206,750,1,0,0,1,0.001870822045020759
207,751,2,0,2,1,0.0009130329126492143
208,760,0,0,2,1,0.00709525914862752
209,762,0,0,2,1,0.0021618427708745003
210,766,0,0,1,1,0.001102944603189826
211,770,2,0,2,0,0.11938512325286865
212,771,2,0,0,1,0.001121578156016767
213,776,0,0,2,1,0.0014214516850188375
214,778,0,0,2,0,0.9854162335395813
215,782,1,0,0,1,0.0012821288546547294
216,783,0,0,2,1,0.004594840575009584
217,786,0,0,2,1,0.000910423812456429
218,789,1,0,0,1,0.0006385992746800184
219,792,1,0,0,1,0.0006061875028535724
220,797,2,0,2,0,0.9632267355918884
221,799,1,0,1,1,0.011552649550139904
222,800,3,0,0,1,0.003781830193474889
223,807,0,0,2,1,0.0035112600307911634
224,808,1,0,1,0,0.9861589074134827
225,813,0,3,0,1,0.00156771473120898
226,819,0,0,2,1,0.03243178874254227
227,823,0,2,0,1,0.0014570810599252582
228,826,2,0,0,1,0.001290436484850943
229,829,0,0,2,1,0.003743853187188506
230,836,0,0,2,0,0.9875154495239258
231,837,2,0,0,1,0.003881278680637479
232,838,2,0,2,1,0.0011567764449864626
233,839,2,0,2,1,0.0008579043205827475
234,841,0,0,2,0,0.984938383102417
235,846,0,0,2,0,0.9850803017616272
236,849,0,3,0,1,0.002375737763941288
237,850,0,0,2,1,0.002245563780888915
238,851,2,0,0,1,0.001142961555160582
239,852,0,0,2,1,0.0012117328587919474
240,853,0,0,2,1,0.001132307923398912
241,858,1,0,0,1,0.008397000841796398
242,859,0,3,0,1,0.00302551849745214
243,863,0,0,1,0,0.985625684261322
244,871,1,0,0,1,0.0007259283447638154
245,874,0,0,1,1,0.003677816828712821
246,878,0,3,0,0,0.9818430542945862
247,879,1,0,2,0,0.9871113896369934
248,881,0,0,2,1,0.0021479546558111906
249,884,0,0,2,1,0.001263068406842649
250,887,0,0,2,1,0.0013260676059871912
251,889,2,0,1,1,0.011307766661047935
252,891,1,0,1,1,0.007814723998308182
253,892,0,0,2,0,0.047489020973443985
254,899,2,0,0,1,0.0012278774520382285
255,906,2,0,2,1,0.002203355310484767
256,918,1,0,0,1,0.000742077361792326
257,919,0,0,2,1,0.005707555450499058
258,920,0,0,2,1,0.00381826632656157
259,921,2,0,0,1,0.0006894358084537089
260,922,2,0,0,1,0.0005877724033780396
261,924,0,0,1,1,0.0008540358976460993
262,929,0,0,2,1,0.0033384552225470543
263,932,0,0,2,1,0.007714853622019291
264,935,0,3,2,1,0.004119324032217264
265,941,0,0,1,0,0.9818516969680786
266,942,0,0,2,1,0.0008062841952778399
267,945,0,0,2,1,0.0018538550939410925
268,946,0,3,0,1,0.002669421024620533
269,947,0,0,2,0,0.9879165887832642
270,954,2,0,0,0,0.9845914840698242
271,956,1,3,0,0,0.9781273603439331
272,960,1,0,2,1,0.002440845360979438
273,971,2,0,0,1,0.0011450698366388679
274,972,2,0,2,1,0.004268943797796965
275,977,0,3,0,1,0.0031077007297426462
276,986,2,0,0,0,0.9871054887771606
277,987,1,0,0,0,0.9876810312271118
278,994,2,0,0,1,0.0011337623000144958
279,996,2,0,2,1,0.004677202552556992
280,1004,0,0,2,0,0.9838449954986572
281,1006,1,0,0,1,0.0010730803478509188
282,1010,0,0,2,1,0.008214413188397884
283,1011,0,3,2,0,0.987461507320404
284,1025,0,0,1,1,0.0010656745871528983
285,1028,0,0,1,0,0.9858922362327576
286,1031,1,0,0,1,0.0006527894292958081
287,1035,3,0,0,0,0.9863020181655884
288,1037,1,0,0,1,0.0013438649475574493
289,1040,0,1,0,1,0.003173391567543149
290,1045,1,3,0,0,0.9837914705276489
291,1046,0,3,0,0,0.981657862663269
292,1047,1,0,2,0,0.9751887917518616
293,1050,1,0,0,1,0.0011704665375873446
294,1052,2,0,0,1,0.0008815402397885919
295,1055,1,0,0,0,0.0037516546435654163
296,1057,0,0,2,0,0.9880409240722656
297,1058,2,0,0,1,0.000709387066308409
298,1060,2,0,0,1,0.0033350950106978416
299,1061,0,0,2,1,0.0018944896291941404
300,1064,0,0,2,0,0.9832027554512024
301,1067,1,0,0,1,0.0010048963595181704
302,1081,1,3,0,0,0.9870822429656982
303,1087,2,0,0,1,0.0009161176858469844
304,1090,0,0,2,1,0.0032714069820940495
305,1095,0,0,2,1,0.0016659953398630023
306,1096,0,0,2,1,0.001030358369462192
307,1097,2,0,0,1,0.0013452657731249928
308,1099,2,0,0,1,0.0009519532322883606
309,1104,1,0,0,1,0.0017301250481978059
310,1107,0,0,1,1,0.001139473170042038
311,1111,2,0,0,1,0.003632248379290104
312,1113,2,0,1,1,0.003366803051903844
313,1122,0,0,2,1,0.0009383332799188793
314,1126,0,3,0,0,0.9840661287307739
315,1128,1,0,0,1,0.0018599673639982939
316,1136,1,3,2,1,0.007082364987581968
317,1137,0,0,2,1,0.0015711532905697823
318,1144,0,0,2,0,0.9825217723846436
319,1147,0,0,2,0,0.9857164621353149
320,1148,2,0,0,1,0.00536548625677824
321,1150,0,0,2,1,0.001234543276950717
322,1152,0,0,2,1,0.0012135780416429043
323,1155,0,0,1,0,0.9858872294425964
324,1164,1,0,2,1,0.0026233792304992676
325,1166,0,0,2,1,0.0008251662948168814
326,1167,1,0,0,1,0.0006914294790476561
327,1168,2,0,0,1,0.0006666476838290691
328,1169,1,0,0,1,0.0005276048905216157
329,1170,0,0,1,1,0.004834684077650309
330,1173,0,3,0,1,0.009186074137687683
331,1178,0,0,2,1,0.0043549141846597195
332,1180,0,0,1,1,0.00547106983140111
333,1182,0,3,0,1,0.010203322395682335
334,1185,0,0,2,1,0.002553659724071622
335,1191,1,3,0,1,0.006781312637031078
336,1192,1,0,0,1,0.0005982923321425915
337,1193,0,0,2,0,0.9846056699752808
338,1196,0,0,2,1,0.0025052179116755724
339,1198,1,0,0,1,0.0011434282641857862
340,1200,0,0,2,1,0.0011291798437014222
341,1203,0,0,2,1,0.0043602739460766315
342,1210,3,0,0,1,0.001301543670706451
343,1221,1,0,1,0,0.9310243725776672
344,1222,0,0,2,1,0.006835410837084055
345,1224,0,0,2,1,0.0060083442367613316
346,1232,0,0,1,1,0.002016006503254175
347,1235,0,0,2,0,0.0017545893788337708
348,1236,2,0,0,0,0.9851721525192261
349,1249,1,0,0,0,0.9867143034934998
350,1251,0,0,1,1,0.0005470598698593676
351,1252,2,0,2,1,0.0031664352864027023
352,1256,1,0,0,0,0.9838525056838989
353,1260,0,0,2,0,0.967793881893158
354,1261,0,0,2,1,0.0014849082799628377
355,1268,0,0,2,1,0.0027856098022311926
356,1271,1,0,2,1,0.0052216737531125546
357,1274,1,0,0,0,0.9328634738922119
358,1279,0,3,0,0,0.9869537949562073
359,1284,0,0,2,1,0.0008945452864281833
360,1285,0,0,2,1,0.0007427031523548067
361,1299,1,0,0,1,0.0014682875480502844
362,1300,0,0,2,1,0.0012737541692331433
363,1301,1,0,0,0,0.9873097538948059
364,1303,0,0,2,1,0.0025404610205441713
365,1306,1,0,0,1,0.0008910996257327497
366,1307,0,0,2,1,0.001478483434766531
367,1309,2,0,1,1,0.020187661051750183
368,1315,0,0,2,1,0.0016827551880851388
369,1322,2,0,0,1,0.0016161574749276042
370,1325,2,0,0,1,0.0005817904602736235
371,1332,0,0,1,1,0.0016085116658359766
372,1334,0,0,2,1,0.0034017623402178288
373,1336,1,0,2,1,0.001523005892522633
374,1343,0,0,2,1,0.0022543491795659065
375,1347,1,0,0,1,0.0015395802911370993
376,1349,1,0,2,1,0.003832010319456458
377,1350,0,0,2,1,0.005707555450499058
378,1354,2,0,0,1,0.0010502062505111098
379,1356,0,3,0,1,0.001874283654615283
380,1361,2,0,0,1,0.0009519373415969312
381,1366,0,2,0,0,0.9723145961761475
382,1368,0,3,0,1,0.0021646316163241863
383,1369,1,0,2,1,0.001741538173519075
384,1374,1,0,0,1,0.0008082881686277688
385,1376,1,0,0,1,0.0007289143395610154
386,1380,0,0,2,1,0.005736656486988068
387,1381,0,3,0,0,0.9843711256980896
388,1382,0,0,2,1,0.0021245991811156273
389,1383,1,0,0,1,0.0010876660235226154
390,1387,2,0,2,1,0.000613100768532604
391,1389,2,0,0,1,0.002576888771727681
392,1392,2,0,2,0,0.11477966606616974
393,1403,0,0,2,1,0.0008964300504885614
394,1429,2,0,0,0,0.9738516211509705
395,1430,2,0,2,1,0.0006049108924344182
396,1433,0,0,2,1,0.001143940258771181
397,1435,1,0,0,1,0.0015173308784142137
398,1436,2,0,2,1,0.0018843838479369879
399,1438,1,0,2,1,0.0007665988523513079
400,1440,0,0,1,1,0.0037093758583068848
401,1452,1,0,0,1,0.0034560251515358686
402,1456,0,0,2,1,0.002486781682819128
403,1458,0,0,2,1,0.0027206724043935537
404,1460,0,0,1,0,0.9873318076133728
405,1465,0,0,1,1,0.0029875067993998528
406,1471,2,0,0,1,0.0005478927050717175
407,1475,0,0,2,0,0.9733914732933044
408,1479,0,0,2,1,0.0018522904720157385
409,1482,0,0,2,1,0.0014524422585964203
410,1487,0,0,2,1,0.0015261794906109571
411,1489,1,0,2,1,0.0018657161854207516
412,1496,2,0,1,1,0.0018118678126484156
413,1504,0,0,1,0,0.9855533242225647
414,1506,0,0,1,1,0.0047098672948777676
415,1507,2,0,0,1,0.0011788775445893407
416,1511,0,0,2,1,0.001848275656811893
417,1512,2,0,0,1,0.0006058883154764771
418,1517,0,3,1,0,0.9860107898712158
419,1518,0,0,1,1,0.0030240085907280445
420,1519,0,0,2,1,0.002741555916145444
421,1520,0,0,1,0,0.9852017760276794
422,1522,0,3,0,1,0.003816407872363925
423,1531,2,0,2,1,0.0016060040798038244
424,1532,0,3,0,0,0.9838477969169617
425,1533,0,0,1,0,0.9571069478988647
426,1541,0,0,2,1,0.008501578122377396
427,1543,0,3,2,1,0.9857556223869324
428,1547,0,0,2,1,0.0054597798734903336
429,1550,0,0,2,1,0.003128007985651493
430,1552,1,0,0,1,0.002508359495550394
431,1555,1,0,2,1,0.0015614586882293224
432,1556,1,0,0,1,0.005095344502478838
433,1557,0,0,2,1,0.000985194114036858
434,1571,0,3,0,1,0.0011910172179341316
435,1573,0,0,1,1,0.00216879160143435
436,1574,0,0,2,1,0.0012193425791338086
437,1585,0,0,2,1,0.003313414752483368
438,1590,0,0,2,1,0.003929313272237778
439,1591,0,0,2,1,0.0008361504878848791
440,1594,0,0,2,1,0.001564071630127728
441,1605,2,0,0,1,0.0010119235375896096
442,1608,0,0,2,1,0.002015841891989112
443,1613,1,0,2,1,0.0009376348461955786
444,1618,0,0,1,1,0.0051062265411019325
445,1622,2,0,1,1,0.007666302844882011
446,1624,0,0,2,1,0.003051745006814599
447,1626,2,3,2,0,0.9867505431175232
448,1629,0,0,2,1,0.0014423582470044494
449,1630,0,0,2,1,0.0007353496039286256
450,1634,0,0,2,1,0.006991314236074686
451,1640,2,0,2,1,0.0015025394968688488
452,1647,1,0,2,1,0.0009415725944563746
453,1648,2,0,0,0,0.9858554005622864
454,1649,0,0,2,1,0.0036403078120201826
455,1652,2,2,2,0,0.9867191910743713
456,1656,2,0,0,1,0.0019990173168480396
457,1657,0,0,2,0,0.9874842762947083
458,1658,2,0,0,1,0.0005897462251596153
459,1665,0,3,2,0,0.9858567714691162
460,1672,1,0,0,1,0.0015929070068523288
461,1677,0,0,1,0,0.9867628216743469
462,1682,0,3,0,1,0.004516420885920525
463,1683,0,0,2,1,0.04773465916514397
464,1684,2,0,0,1,0.001410935539752245
465,1686,2,0,0,1,0.0022364810574799776
466,1688,2,0,2,1,0.005567347630858421
467,1691,0,0,2,1,0.0015858837869018316
468,1698,2,0,1,1,0.026507895439863205
469,1703,1,1,2,1,0.004117242991924286
470,1704,2,0,2,1,0.0016786307096481323
471,1712,1,0,0,1,0.0006470661028288305
472,1714,2,0,0,1,0.0009960209717974067
473,1718,0,0,2,1,0.023559674620628357
474,1719,0,0,2,1,0.007118860259652138
475,1723,2,0,0,1,0.0005848826258443296
476,1724,1,0,0,1,0.0017327556852251291
477,1727,1,0,1,1,0.0013660585973411798
478,1728,2,0,0,1,0.0013340667355805635
479,1734,2,0,0,1,0.001826713909395039
480,1737,1,0,2,1,0.0020199711434543133
481,1738,2,0,2,0,0.9861948490142822
482,1742,1,0,2,1,0.004717878997325897
483,1746,0,3,2,1,0.002524695824831724
484,1747,1,0,0,1,0.0008113926160149276
485,1749,0,0,2,0,0.9823554158210754
486,1754,0,0,2,1,0.004702711012214422
487,1756,0,0,1,1,0.0014104611473158002
488,1758,0,0,1,1,0.0100295040756464
489,1762,1,0,0,1,0.003378794062882662
490,1763,1,0,0,1,0.001610185718163848
491,1764,1,0,1,1,0.004377034027129412
492,1765,2,0,0,1,0.0008270248654298484
493,1767,2,0,0,1,0.030219772830605507
494,1769,0,0,2,0,0.985985517501831
495,1770,2,2,0,1,0.0018596904119476676
496,1772,2,0,0,1,0.0009817956015467644
497,1776,1,0,0,1,0.0023934473283588886
498,1777,1,0,2,1,0.001589009421877563
499,1778,0,3,0,1,0.0026396862231194973
500,1780,0,0,2,1,0.03450135141611099
501,1781,0,0,2,1,0.006188528146594763
502,1785,2,0,0,0,0.9854769110679626
503,1786,1,0,0,1,0.0013123595854267478
504,1787,2,3,0,0,0.9826013445854187
505,1792,2,0,0,1,0.0011379529023543
506,1793,2,0,0,1,0.0021069191861897707
507,1794,1,0,0,1,0.0011175350518897176
508,1796,0,0,2,1,0.0013160111848264933
509,1799,0,0,2,1,0.0030655846931040287
510,1806,2,0,0,1,0.001260003773495555
511,1811,0,3,0,1,0.0015969875967130065
512,1814,1,0,0,1,0.00054836057825014
513,1815,1,0,0,0,0.9844961166381836
514,1829,0,0,2,1,0.9865715503692627
515,1832,2,3,2,0,0.9876263737678528
516,1842,1,0,0,1,0.0012171794660389423
517,1855,0,0,2,1,0.001737857237458229
518,1856,0,0,2,1,0.0009194003650918603
519,1863,0,0,2,1,0.0007940700161270797
520,1868,0,0,2,0,0.98700350522995
521,1872,1,0,0,1,0.0008262363844551146
522,1874,1,0,0,1,0.0006848644698038697
523,1877,0,0,2,1,0.0018411995843052864
524,1878,0,3,0,1,0.0034004703629761934
525,1882,1,0,0,1,0.0013639208627864718
526,1886,0,0,2,1,0.0018315346678718925
527,1888,0,0,2,1,0.004405570682138205
528,1897,0,0,2,1,0.001955434214323759
529,1898,2,0,2,1,0.0011861143866553903
530,1901,0,0,1,1,0.007389725185930729
531,1902,2,3,0,1,0.0005624675541184843
532,1906,1,0,0,1,0.0009013235103338957
533,1907,2,0,2,0,0.9849658012390137
534,1908,0,0,1,0,0.9868581295013428
535,1910,0,0,1,1,0.00534613523632288
536,1912,2,0,0,0,0.9842221140861511
537,1914,0,0,1,0,0.9817822575569153
538,1924,1,0,0,1,0.0007692478829994798
539,1928,2,0,0,1,0.0007342172903008759
540,1930,2,0,1,1,0.008667911402881145
541,1932,0,0,2,0,0.6004295945167542
542,1935,0,1,0,1,0.0009357156231999397
543,1947,0,0,1,1,0.0010555378394201398
544,1948,1,0,0,1,0.007555063348263502
545,1951,2,0,0,1,0.001093949773348868
546,1958,2,0,0,1,0.0010428394889459014
547,1963,0,0,2,1,0.003969088196754456
548,1968,0,0,2,1,0.000838225067127496
549,1971,0,2,0,1,0.002403226913884282
550,1972,2,0,0,1,0.0011587488697841763
551,1976,2,0,1,1,0.0020829986315220594
552,1977,0,0,1,0,0.9826955795288086
553,1978,1,0,2,0,0.986640989780426
554,1983,2,0,0,0,0.9876163601875305
555,1985,0,0,2,1,0.0012947773793712258
556,1988,0,0,1,1,0.001735952333547175
557,1992,0,0,2,1,0.0020439941436052322
558,1997,0,0,1,1,0.004491125699132681
559,2005,0,3,0,0,0.9862290620803833
560,2011,1,0,0,1,0.0006975738797336817
561,2014,2,0,0,1,0.0009275387274101377
562,2026,2,0,0,1,0.0011657287832349539
563,2027,1,0,0,1,0.0013775790575891733
564,2031,2,0,2,0,0.9805245399475098
565,2034,0,0,2,1,0.005157056264579296
566,2035,2,0,0,0,0.9872193336486816
567,2040,1,0,0,1,0.000839507149066776
568,2045,2,0,2,1,0.0010856268927454948
569,2048,0,0,2,1,0.0021927463822066784
570,2050,1,0,0,1,0.0007348935469053686
571,2052,1,0,0,1,0.0010133127216249704
572,2056,1,0,0,1,0.0007470182026736438
573,2060,2,0,2,1,0.003931814339011908
574,2062,0,1,0,1,0.001790708163753152
575,2066,2,0,2,1,0.0018758542137220502
576,2070,1,3,0,0,0.04003378003835678
577,2072,2,0,0,1,0.0018877965630963445
578,2080,0,0,2,1,0.004306407179683447
579,2081,1,0,0,1,0.004283647518604994
580,2083,0,0,1,0,0.9876694083213806
581,2085,0,0,2,1,0.0013102220837026834
582,2087,0,0,2,1,0.0008981973514892161
583,2093,0,0,2,0,0.9844847917556763
584,2098,0,3,0,1,0.004165795166045427
585,2099,0,2,0,1,0.003174672368913889
586,2100,1,3,0,0,0.9857353568077087
587,2104,0,0,1,1,0.027642784640192986
588,2107,2,0,1,0,0.9859638214111328
589,2117,2,0,2,1,0.0058427853509783745
590,2126,1,0,0,0,0.9856012463569641
591,2132,0,0,2,0,0.9866160154342651
592,2134,0,0,2,1,0.007962831296026707
593,2143,0,1,1,1,0.0017889123409986496
594,2144,3,0,0,1,0.0014093718491494656
595,2148,0,0,1,0,0.9851991534233093
596,2151,0,0,1,0,0.9836353063583374
597,2152,0,0,1,1,0.0014600645517930388
598,2153,1,0,0,1,0.0014759935438632965
599,2156,0,0,2,1,0.0022157994098961353
600,2158,0,1,0,1,0.0025816161651164293
601,2164,2,0,0,1,0.0025169358123093843
602,2167,0,0,2,1,0.0012917595449835062
603,2171,2,0,0,1,0.0011126067256554961
604,2179,0,0,2,1,0.0019129834836348891
605,2180,0,0,2,1,0.001003468525595963
606,2181,0,0,2,1,0.008559811860322952
607,2182,1,0,1,1,0.003678225912153721
608,2188,0,0,1,0,0.9856789708137512
609,2197,2,0,2,1,0.0009190719574689865
610,2207,2,0,0,1,0.0007080957293510437
611,2210,1,0,0,1,0.0018917541019618511
612,2217,0,3,0,0,0.9858272075653076
613,2219,0,1,0,1,0.001084319781512022
614,2220,1,0,0,1,0.0014105961890891194
615,2221,0,0,2,1,0.0016251830384135246
616,2224,0,3,0,0,0.9864907264709473
617,2231,2,0,2,1,0.002221223898231983
618,2236,2,0,0,1,0.001965482486411929
619,2238,1,0,2,1,0.00530804181471467
620,2240,1,1,0,1,0.000844425056129694
621,2246,1,0,0,1,0.005896734073758125
622,2249,2,0,0,1,0.0029012050945311785
623,2251,2,0,2,0,0.9876746535301208
624,2253,0,3,0,1,0.003392297076061368
625,2254,2,0,0,1,0.002822910901159048
626,2261,2,0,0,1,0.0007386576035059988
627,2263,2,0,2,1,0.0031382127199321985
628,2264,2,0,2,1,0.0007661241106688976
629,2265,2,0,0,1,0.002929432550445199
630,2267,1,0,0,1,0.0012775467475876212
631,2270,0,0,2,1,0.0005716419545933604
632,2271,2,0,0,1,0.0009466287447139621
633,2272,0,0,2,1,0.000687004707287997
634,2276,0,0,1,1,0.006032384932041168
635,2278,0,0,1,1,0.001448349910788238
636,2285,2,1,2,1,0.002190344501286745
637,2286,1,0,0,1,0.000826326955575496
638,2292,0,1,0,1,0.003294604364782572
639,2293,1,0,0,1,0.0007927646511234343
640,2295,0,0,2,0,0.9870023727416992
641,2297,1,0,2,1,0.0012694719480350614
642,2303,0,3,0,0,0.9857730269432068
643,2304,0,0,2,1,0.0037997334729880095
644,2305,0,0,2,0,0.9150264263153076
645,2307,0,3,0,1,0.0025437045842409134
646,2308,1,0,0,1,0.0009805774316191673
647,2318,0,0,2,0,0.9607561826705933
648,2328,0,1,0,1,0.001813313807360828
649,2342,0,0,2,0,0.9861361980438232
650,2343,0,0,2,1,0.0014290341641753912
651,2347,1,0,0,1,0.0006285090348683298
652,2352,0,1,0,1,0.0032340274192392826
653,2357,2,0,0,1,0.000859877560287714
654,2361,0,0,2,0,0.9809765219688416
655,2363,0,0,2,1,0.0005901644472032785
656,2364,1,0,0,1,0.002044728258624673
657,2365,2,0,0,0,0.9833973050117493
658,2366,0,0,2,1,0.0006970874383114278
659,2370,2,0,0,1,0.0017221433809027076
660,2372,0,0,2,1,0.002566881477832794
661,2379,1,0,0,1,0.0007125407573767006
662,2383,0,0,2,1,0.0014329336117953062
663,2391,1,0,0,1,0.0009311744943261147
664,2393,1,0,0,1,0.0005458657979033887
665,2399,2,0,0,1,0.0055830590426921844
666,2402,2,0,2,1,0.0016493864823132753
667,2405,1,0,0,1,0.0007646187441423535
668,2406,1,0,0,1,0.0007733492529951036
669,2408,0,0,2,1,0.0023631455842405558
670,2413,1,0,0,0,0.9870535731315613
671,2414,0,0,2,1,0.0015170195838436484
672,2416,1,0,0,1,0.0006292141042649746
673,2420,0,3,2,0,0.9872149229049683
674,2424,0,3,0,1,0.006533662788569927
675,2425,1,0,2,1,0.002344757318496704
676,2426,1,0,0,1,0.0010479185730218887
677,2427,0,0,2,1,0.0008172675734385848
678,2440,0,0,2,1,0.0031970751006156206
679,2441,0,0,2,0,0.9775118827819824
680,2445,0,0,1,1,0.002200300572440028
681,2446,0,2,1,0,0.9858243465423584
682,2455,1,0,0,1,0.0010306136682629585
683,2458,1,0,0,1,0.0010272611398249865
684,2459,2,0,0,1,0.0022833100520074368
685,2463,0,0,1,1,0.025432415306568146
686,2466,3,0,1,0,0.9867643117904663
687,2472,0,0,2,1,0.002589205279946327
688,2474,1,0,2,1,0.0008193085668608546
689,2476,2,0,0,1,0.001449093222618103
690,2481,0,3,0,0,0.9857295751571655
691,2489,0,0,2,1,0.011725455522537231
692,2502,0,0,1,0,0.9847833514213562
693,2503,0,2,1,0,0.9699528217315674
694,2505,0,0,2,1,0.0011917038355022669
695,2507,2,0,2,0,0.9877068400382996
696,2509,0,0,2,1,0.0018703805981203914
697,2513,0,0,2,1,0.2209203690290451
698,2523,1,0,0,1,0.0009947873186320066
699,2527,0,0,2,1,0.001608233549632132
700,2529,0,3,0,1,0.002428254811093211
701,2530,1,0,2,0,0.9841683506965637
702,2534,2,0,0,1,0.0008615944534540176
703,2535,2,0,0,1,0.000913216092158109
704,2543,2,0,0,1,0.001629597507417202
705,2544,1,0,0,1,0.0010515381582081318
706,2549,0,0,2,1,0.7594882249832153
707,2553,2,0,2,0,0.9778979420661926
708,2554,0,3,0,1,0.004441610537469387
709,2557,0,0,2,0,0.9833532571792603
710,2558,0,0,2,1,0.008819117210805416
711,2560,2,0,0,1,0.006508224178105593
712,2567,2,0,0,1,0.0008436160860583186
713,2572,0,0,2,1,0.0008373217424377799
714,2574,0,0,2,1,0.004315909463912249
715,2576,0,0,2,1,0.0022733674850314856
716,2577,0,0,1,1,0.0012499575968831778
717,2583,0,1,0,1,0.0035350711550563574
718,2587,0,0,2,1,0.003704446367919445
719,2588,0,0,2,1,0.001435243058949709
720,2589,1,0,2,1,0.0009358823881484568
721,2591,2,0,0,1,0.0007538559148088098
722,2593,0,3,2,0,0.9855316877365112
723,2594,0,0,1,0,0.9842779040336609
724,2595,0,0,2,1,0.0016237414674833417
725,2599,2,0,0,0,0.9877926707267761
726,2601,0,0,2,1,0.005250018555670977
727,2611,0,0,2,0,0.9867746829986572
728,2617,1,0,0,1,0.002114331815391779
729,2618,0,0,2,1,0.0012776521034538746
730,2619,1,0,0,1,0.0009132004925049841
731,2621,2,0,0,1,0.0026779656764119864
732,2622,2,0,0,1,0.0009927322389557958
733,2624,0,0,2,1,0.04494945704936981
734,2629,0,0,2,1,0.0005672354018315673
735,2630,0,0,2,1,0.792451798915863
736,2637,0,0,2,1,0.0009279143996536732
737,2643,0,0,2,0,0.9790119528770447
738,2651,2,1,0,1,0.567421019077301
739,2653,1,0,0,1,0.0007109575672075152
740,2658,2,0,0,1,0.0007969687576405704
741,2664,2,0,0,0,0.9505116939544678
742,2675,2,0,2,1,0.0008329040138050914
743,2677,2,0,0,1,0.0006823796429671347
744,2679,0,3,0,1,0.002733086934313178
745,2684,0,0,2,0,0.9872269034385681
746,2689,1,0,0,1,0.0007390864775516093
747,2690,0,0,1,1,0.000956208270508796
748,2694,0,0,2,1,0.0012162576895207167
749,2700,2,0,2,1,0.0018652279395610094
750,2704,0,0,1,1,0.00454476336017251
751,2706,0,0,2,1,0.002446594415232539
752,2710,1,0,0,1,0.006347812246531248
753,2715,1,0,0,1,0.7356469035148621
754,2719,0,0,2,1,0.0010145800188183784
755,2723,2,0,0,1,0.0007857640157453716
756,2724,2,0,0,1,0.001091818674467504
757,2729,2,0,1,1,0.005049171857535839
758,2732,2,0,0,0,0.04473583772778511
759,2736,0,0,2,0,0.9570402503013611
760,2743,0,0,2,1,0.0013533721212297678
761,2744,2,0,0,1,0.0015062604798004031
762,2746,3,0,2,0,0.9850643277168274
763,2747,1,0,0,1,0.0013862348860129714
764,2748,1,0,0,1,0.0008514375076629221
765,2749,1,0,0,1,0.0017354352166876197
766,2751,0,3,0,1,0.002736421301960945
767,2753,2,0,0,1,0.0017299256287515163
768,2758,0,3,0,0,0.9856935739517212
769,2760,0,0,2,1,0.0011975225061178207
770,2769,1,0,1,1,0.0010579440277069807
771,2771,1,0,2,1,0.0025507037062197924
772,2772,1,0,0,1,0.002026803558692336
773,2773,3,0,0,0,0.9868960976600647
774,2784,0,0,2,0,0.9859547019004822
775,2786,0,0,2,1,0.006241738796234131
776,2788,0,0,2,1,0.010114310309290886
777,2791,0,0,2,0,0.9858010411262512
778,2793,1,0,0,1,0.0007605942082591355
779,2794,0,0,2,1,0.04173467308282852
780,2795,2,0,0,1,0.001091161509975791
781,2796,0,3,2,0,0.9710483551025391
782,2800,2,0,0,1,0.0013629248132929206
783,2802,0,3,0,1,0.0007539924117736518
784,2808,1,0,2,1,0.0009289595764130354
785,2816,3,0,0,1,0.00391851831227541
786,2817,0,0,1,0,0.9852216839790344
787,2821,2,0,0,1,0.0011020703241229057
788,2825,2,0,2,1,0.0020561774726957083
789,2830,1,0,0,1,0.0007783619221299887
790,2837,0,1,0,1,0.0031076744198799133
791,2838,1,0,0,1,0.0009018256096169353
792,2842,2,0,2,0,0.9866412281990051
793,2843,2,0,0,1,0.0012198560871183872
794,2852,1,0,0,1,0.00758593762293458
795,2854,0,0,2,1,0.0011653066612780094
796,2857,0,0,1,0,0.9856907725334167
797,2861,2,0,1,1,0.001350069185718894
798,2862,1,0,0,1,0.0009072872926481068
799,2867,2,0,0,1,0.0012980494648218155
800,2869,0,0,2,1,0.0018269425490871072
801,2875,1,0,0,0,0.9833776950836182
802,2877,0,0,1,1,0.002144488738849759
803,2878,1,0,0,1,0.0009991670958697796
804,2881,2,0,2,1,0.0012627117102965713
805,2883,0,0,2,1,0.0006856549880467355
806,2884,2,0,0,1,0.007344318088144064
807,2885,2,0,0,1,0.0012922777095809579
808,2894,1,0,0,1,0.0012681904481723905
809,2897,0,3,0,0,0.986261785030365
810,2899,2,0,2,0,0.9851258993148804
811,2900,0,0,2,0,0.9826315641403198
812,2903,2,0,0,1,0.0010184117127209902
813,2904,2,0,2,1,0.002149892272427678
814,2906,1,0,0,1,0.0009247009293176234
815,2927,0,3,0,1,0.0026166182942688465
816,2928,0,0,2,1,0.0012392322532832623
817,2933,0,0,2,1,0.0007659478578716516
818,2934,0,0,2,1,0.0014468947192654014
819,2935,1,0,0,1,0.0011430634185671806
820,2937,2,0,0,1,0.0008601302397437394
821,2942,2,0,0,1,0.0008935877704061568
822,2946,1,0,0,1,0.0011954786023125052
823,2948,0,0,2,0,0.9865078926086426
824,2960,0,0,2,1,0.0012532041873782873
825,2963,0,0,2,1,0.0007271358626894653
826,2964,2,0,0,1,0.0014930994948372245
827,2966,3,1,0,0,0.9805663824081421
828,2967,0,0,1,1,0.0031254857312887907
829,2969,0,0,2,1,0.0042046369053423405
830,2970,1,0,0,0,0.9863566160202026
831,2972,0,0,2,1,0.0010267049074172974
832,2974,1,0,0,1,0.0014408407732844353
833,2976,1,0,0,1,0.0011422950774431229
834,2977,2,0,0,1,0.0008196110720746219
835,2978,0,2,1,1,0.008115125820040703
836,2986,0,0,2,1,0.0008476998191326857
837,2987,2,0,0,1,0.010229398496448994
838,2989,0,3,0,1,0.001409735530614853
839,2993,0,0,2,0,0.5370658040046692
840,2999,0,0,1,0,0.9874407052993774
841,3000,3,0,0,1,0.9522872567176819
842,3006,1,0,0,0,0.9843966364860535
843,3009,0,0,2,0,0.9846006035804749
844,3013,2,0,0,1,0.0016806393396109343
845,3022,2,0,0,1,0.003883298020809889
846,3027,0,3,0,1,0.013672824949026108
847,3029,2,0,0,1,0.0010896396124735475
848,3031,2,0,0,1,0.006113836076110601
849,3038,0,0,2,1,0.002161092823371291
850,3041,0,0,2,1,0.0015661667566746473
851,3046,0,0,2,0,0.9875181317329407
852,3062,2,0,0,1,0.001786699634976685
853,3069,0,3,0,0,0.985051155090332
854,3074,0,2,1,1,0.0034917700104415417
855,3077,0,0,2,1,0.0020747408270835876
856,3083,1,0,0,1,0.0023971013724803925
857,3087,0,0,2,1,0.0009499345906078815
858,3088,2,0,0,1,0.0029129344038665295
859,3090,0,0,2,1,0.000940390455070883
860,3092,0,0,2,1,0.001064737094566226
861,3097,0,0,2,1,0.0011868005385622382
862,3101,0,3,0,1,0.8650295734405518
863,3108,0,0,2,0,0.984311044216156
864,3114,1,1,0,1,0.0013318088604137301
865,3115,1,0,0,1,0.005947933532297611
866,3118,2,0,0,1,0.0008960880804806948
867,3119,2,0,2,0,0.9873597025871277
868,3124,1,0,0,1,0.001944163697771728
869,3131,0,0,2,0,0.008616280741989613
870,3132,1,0,1,1,0.0009769604075700045
871,3133,0,0,2,1,0.2585202157497406
872,3134,0,0,1,1,0.86424720287323
873,3138,0,0,1,1,0.0018163940403610468
874,3141,2,0,0,1,0.0016228165477514267
875,3145,0,0,2,1,0.0013853868003934622
876,3151,0,0,2,1,0.0011177281849086285
877,3155,1,0,0,1,0.0023063537664711475
878,3156,0,0,2,0,0.9841066598892212
879,3163,2,0,1,1,0.0009116781293414533
880,3164,2,0,0,1,0.0014615906402468681
881,3168,2,0,2,0,0.9857838153839111
882,3171,0,3,2,1,0.003437776817008853
883,3177,1,0,2,1,0.00129173684399575
884,3183,2,0,0,0,0.988246500492096
885,3184,0,0,2,1,0.05051124468445778
886,3187,2,0,0,1,0.0007364499615505338
887,3190,0,0,2,0,0.9861302971839905
888,3192,1,0,0,0,0.9848703742027283
889,3193,0,1,0,1,0.0009180344641208649
890,3194,0,1,0,1,0.003863800084218383
891,3205,0,3,0,1,0.006072327960282564
892,3207,0,0,1,0,0.9867365956306458
893,3208,2,0,0,1,0.0010013431310653687
894,3210,0,3,0,1,0.005536417476832867
895,3215,0,2,1,0,0.9831339120864868
896,3221,2,0,0,1,0.0009132343693636358
897,3227,0,3,1,1,0.005917816888540983
898,3233,0,3,0,1,0.0031168467830866575
899,3234,2,0,2,1,0.001464976230636239
900,3235,2,0,0,1,0.0006991296540945768
901,3238,2,0,0,1,0.0008060029940679669
902,3241,0,0,2,1,0.001752098323777318
903,3243,0,3,2,1,0.002390233101323247
904,3244,2,0,0,0,0.9860623478889465
905,3246,0,0,2,1,0.0007301481091417372
906,3254,0,0,2,1,0.007682978641241789
907,3257,1,0,0,1,0.0030007034074515104
908,3258,2,0,0,1,0.9711793065071106
909,3259,1,0,1,1,0.0008556878310628235
910,3260,0,0,2,1,0.005956747569143772
911,3262,0,2,0,1,0.0013402821496129036
912,3267,1,0,0,1,0.014634539373219013
913,3268,2,0,0,1,0.000632440613117069
914,3274,2,0,0,1,0.0015259133651852608
915,3276,0,0,1,1,0.019232019782066345
916,3278,1,0,2,1,0.003947277553379536
917,3280,2,0,2,1,0.0013673094799742103
918,3283,2,0,2,1,0.007440001703798771
919,3284,0,3,2,1,0.009616720490157604
920,3287,0,0,2,1,0.0013084709644317627
921,3291,0,0,2,1,0.0013124927645549178
922,3292,1,0,0,1,0.0005444513517431915
923,3293,2,0,0,1,0.0010075177997350693
924,3305,3,0,0,1,0.00635784724727273
925,3313,0,0,2,0,0.9849722981452942
926,3318,0,2,2,1,0.0016231323825195432
927,3319,1,0,0,1,0.0016021585324779153
928,3327,2,0,2,1,0.0022648153826594353
929,3330,1,2,0,0,0.9804043173789978
930,3334,2,0,0,0,0.9860497117042542
931,3337,0,0,2,1,0.0009677970665507019
932,3342,1,0,0,0,0.9871325492858887
933,3343,0,3,2,0,0.9875199794769287
934,3346,0,0,2,1,0.0018148809904232621
935,3348,2,0,2,1,0.0015396688831970096
936,3352,0,0,1,1,0.0047273882664740086
937,3354,2,0,2,1,0.0011815120233222842
938,3356,0,0,2,0,0.734847366809845
939,3359,0,1,0,1,0.0009352887864224613
940,3366,0,0,2,1,0.004244103562086821
941,3374,0,0,2,1,0.0006967474473640323
942,3377,0,3,0,1,0.9868198037147522
943,3381,2,0,2,1,0.0015252132434397936
944,3384,0,0,2,1,0.001364377560093999
945,3386,2,0,0,1,0.000976840383373201
946,3402,1,0,2,1,0.0010257784742861986
947,3403,2,0,0,1,0.0008068590541370213
948,3407,0,3,0,1,0.0019303519511595368
949,3408,0,0,2,1,0.10006707906723022
950,3411,3,0,0,0,0.9854686856269836
951,3416,1,0,2,1,0.0007955236942507327
952,3417,0,0,2,1,0.0021385694853961468
953,3422,1,0,0,1,0.0016757079865783453
954,3427,1,0,0,1,0.0005897231749258935
955,3432,1,0,0,1,0.000988529878668487
956,3433,0,0,2,0,0.9716358184814453
957,3436,1,0,1,0,0.9864479303359985
958,3437,0,0,2,1,0.0007169385207816958
959,3439,0,3,0,1,0.002381731988862157
960,3441,0,0,2,1,0.0017379584023728967
961,3444,1,0,0,1,0.0007150317542254925
962,3445,2,0,0,0,0.9847635626792908
963,3448,2,0,0,1,0.0007031691493466496
964,3449,0,3,0,0,0.9817675948143005
965,3450,1,0,0,1,0.0010535045294091105
966,3453,2,0,2,1,0.0011790212010964751
967,3457,2,0,2,0,0.9834845662117004
968,3458,1,0,2,1,0.0014266333309933543
969,3464,0,0,2,1,0.0050987922586500645
970,3477,1,0,0,1,0.0008434532792307436
971,3479,0,3,2,0,0.9874035120010376
972,3483,0,0,2,1,0.0013086255639791489
973,3486,2,0,0,1,0.0018788761226460338
974,3488,0,3,2,0,0.9841601252555847
975,3492,2,0,0,1,0.0024352227337658405
976,3493,2,0,0,1,0.0013656971277669072
977,3494,2,0,0,0,0.9872878789901733
978,3503,0,3,0,0,0.9860665202140808
979,3505,0,0,2,1,0.0011989468475803733
980,3513,0,0,2,0,0.9765384793281555
981,3514,0,0,2,1,0.0008876801584847271
982,3519,1,0,2,1,0.001095197512768209
983,3522,0,0,2,1,0.005155864637345076
984,3525,0,1,2,1,0.0042641847394406796
985,3531,0,0,2,1,0.004681835416704416
986,3540,0,1,0,1,0.0007677485118620098
987,3541,0,2,0,1,0.02742685191333294
988,3544,0,0,2,1,0.008867817930877209
989,3554,0,0,1,0,0.9849099516868591
990,3555,2,0,0,0,0.005608477629721165
991,3557,0,0,2,1,0.0020975989755243063
992,3559,0,3,0,0,0.9849854707717896
993,3561,2,0,0,1,0.3487017750740051
994,3565,1,0,0,1,0.0008233115659095347
995,3573,1,0,2,1,0.0024950040969997644
996,3574,0,0,2,1,0.0013317828997969627
997,3577,2,0,0,1,0.0008754855953156948
998,3582,0,0,2,1,0.0015774981584399939
999,3584,3,0,2,1,0.008904092945158482
1000,3589,2,0,0,1,0.0013171046739444137
1001,3590,0,0,2,0,0.9822995066642761
1002,3597,1,0,0,1,0.0008563864976167679
1003,3599,0,0,2,1,0.003209660993888974
1004,3602,1,0,0,1,0.006414275616407394
1005,3604,2,0,0,1,0.0006522944313474
1006,3608,1,0,0,1,0.0015454539097845554
1007,3611,0,0,2,1,0.0023346052039414644
1008,3614,2,0,0,1,0.0008848803117871284
1009,3616,1,0,2,1,0.001042197342030704
1010,3618,2,0,0,1,0.004058225080370903
1011,3624,1,0,0,1,0.0008010055171325803
1012,3628,2,0,0,1,0.002679769415408373
1013,3632,2,0,0,1,0.0013101696968078613
1014,3633,1,0,0,1,0.0006386580062098801
1015,3646,0,0,2,1,0.0017567411996424198
1016,3647,2,0,0,1,0.0006312858313322067
1017,3652,2,0,0,1,0.000871624390129
1018,3658,2,0,0,0,0.9865946769714355
1019,3662,2,0,0,1,0.004443415440618992
1020,3666,2,0,0,1,0.0013938016491010785
1021,3667,1,0,0,1,0.0005981723079457879
1022,3671,1,0,0,1,0.0017927325097844005
1023,3674,0,0,2,1,0.0012773314956575632
1024,3678,0,2,2,1,0.0016466790111735463
1025,3680,1,0,0,1,0.00146001810207963
1026,3683,2,0,0,1,0.0036140845622867346
1027,3686,0,3,1,0,0.7594058513641357
1028,3690,3,0,0,0,0.9864476919174194
1029,3698,2,0,0,1,0.0008019571541808546
1030,3699,0,0,2,1,0.0009836450917646289
1031,3700,1,0,2,1,0.0028881607577204704
1032,3702,2,0,0,1,0.0009365344303660095
1033,3705,1,3,0,1,0.002154106739908457
1034,3709,0,1,0,1,0.00430336594581604
1035,3712,1,0,2,1,0.0017112959176301956
1036,3715,1,0,0,1,0.0007089221035130322
1037,3720,1,0,0,1,0.0018990508979186416
1038,3724,0,0,2,1,0.0023901283275336027
1039,3726,1,0,0,0,0.9855131506919861
1040,3731,1,0,2,1,0.0031718534883111715
1041,3734,2,0,0,1,0.0012980024330317974
1042,3735,2,0,2,1,0.04158082231879234
1043,3744,0,0,2,1,0.0008854108164086938
1044,3748,0,0,1,1,0.009357795119285583
1045,3753,0,0,2,1,0.0021812368649989367
1046,3758,2,0,2,1,0.023800591006875038
1047,3760,1,0,0,1,0.003187811002135277
1048,3762,0,0,2,1,0.0010721152648329735
1049,3766,0,0,2,1,0.0011748418910428882
1050,3769,2,0,0,1,0.000678092532325536
1051,3774,1,0,2,0,0.9858627915382385
1052,3775,1,0,0,1,0.0009667100966908038
1053,3784,1,0,0,1,0.0009686023695394397
1054,3786,0,0,1,1,0.001869252067990601
1055,3787,0,0,2,1,0.0060058468952775
1056,3789,1,0,0,1,0.0025095671880990267
1057,3794,2,0,0,1,0.003510675858706236
1058,3795,2,0,2,0,0.9547724723815918
1059,3798,0,0,2,1,0.0016812923131510615
1060,3809,2,0,2,0,0.9823633432388306
1061,3814,2,0,0,1,0.0019110270077362657
1062,3819,1,0,0,1,0.005657610949128866
1063,3820,0,0,1,1,0.004610112402588129
1064,3824,2,0,0,1,0.002195421140640974
1065,3825,2,0,0,1,0.0023080508690327406
1066,3826,2,0,2,1,0.001864178921096027
1067,3827,0,0,2,0,0.9820343255996704
1068,3828,2,0,0,1,0.001268579508177936
1069,3832,0,0,2,0,0.974629282951355
1070,3833,2,0,0,1,0.0006499626324512064
1071,3836,0,0,1,1,0.014544202946126461
1072,3840,0,0,2,1,0.0007802408072166145
1073,3842,0,3,0,0,0.9876761436462402
1074,3849,2,0,0,1,0.0017010560259222984
1075,3851,2,0,0,1,0.0010908329859375954
1076,3852,0,0,1,1,0.0015758745139464736
1077,3853,0,0,2,1,0.0009983659256249666
1078,3855,2,0,0,1,0.0014467444270849228
1079,3858,0,2,2,0,0.9871655702590942
1080,3859,0,0,2,1,0.010549528524279594
1081,3866,2,0,0,0,0.9862171411514282
1082,3870,2,0,0,1,0.001734814839437604
1083,3875,1,0,0,1,0.0007871118723414838
1084,3876,0,0,1,0,0.978721022605896
1085,3879,2,0,2,0,0.9891526699066162
1086,3881,1,0,0,1,0.0007902594516053796
1087,3883,0,0,2,1,0.0012436533579602838
1088,3885,2,0,0,1,0.006517801433801651
1089,3895,1,0,2,1,0.0011689395178109407
1090,3898,0,0,1,0,0.9863194227218628
1091,3901,1,0,2,1,0.001093222526833415
1092,3914,0,1,0,1,0.001176911755464971
1093,3918,0,0,1,1,0.0019969712011516094
1094,3921,0,0,2,1,0.03423502668738365
1095,3924,0,0,2,1,0.0007444935035891831
1096,3928,0,0,2,1,0.0006513725384138525
1097,3934,0,3,0,0,0.9830969572067261
1098,3937,1,0,2,1,0.002601329004392028
1099,3941,1,0,0,0,0.9815890789031982
1100,3949,2,0,0,1,0.0010178058873862028
1101,3950,3,0,0,0,0.9860250353813171
1102,3955,2,0,0,1,0.029681675136089325
1103,3959,2,0,0,1,0.0018039983697235584
1104,3966,1,1,0,1,0.0013647361192852259
1105,3967,0,0,1,1,0.0023077158257365227
1106,3979,0,0,2,1,0.0011869209120050073
1107,3980,1,3,0,1,0.0010952568845823407
1108,3985,0,0,2,0,0.9840240478515625
1109,3994,0,3,0,0,0.9818314909934998
1110,3995,1,0,0,1,0.0008447631844319403
1111,3996,0,0,1,0,0.9850519895553589
1112,4001,3,0,0,1,0.002052020514383912
1113,4002,1,0,0,1,0.0006909766234457493
1114,4005,0,3,0,1,0.07977564632892609
1115,4007,1,0,0,1,0.0013635148061439395
1116,4013,1,0,2,0,0.9774961471557617
1117,4019,0,0,2,1,0.0043335878290236
1118,4024,1,0,0,1,0.0006918760482221842
1119,4025,1,0,2,1,0.0007563277031295002
1120,4027,2,0,0,1,0.0020483522675931454
1121,4032,0,0,2,1,0.001460919389501214
1122,4033,0,3,0,0,0.9837968945503235
1123,4036,2,0,2,1,0.001224185456521809
1124,4038,0,0,2,0,0.9877333641052246
1125,4039,1,0,0,1,0.0022676424123346806
1126,4042,1,0,0,1,0.001341076334938407
1127,4043,2,0,2,1,0.008197696879506111
1128,4048,2,0,0,1,0.0005887551815249026
1129,4049,0,0,2,1,0.0009374727378599346
1130,4051,0,0,2,1,0.0013365051709115505
1131,4058,0,0,2,0,0.9762283563613892
1132,4060,0,0,2,0,0.9866717457771301
1133,4061,0,3,0,1,0.01930869184434414
1134,4064,0,0,1,1,0.0014856948982924223
1135,4070,0,0,2,1,0.000928291177842766
1136,4071,2,0,0,1,0.001461311592720449
1137,4080,0,0,2,1,0.0009884395403787494
1138,4082,0,0,2,1,0.04954585060477257
1139,4085,0,0,2,1,0.0011056944495067
1140,4091,0,0,2,1,0.004088615067303181
1141,4094,1,0,1,1,0.0006880875444039702
1142,4102,0,0,2,0,0.9819141030311584
1143,4107,3,0,0,1,0.0010516694746911526
1144,4108,0,0,1,1,0.0010296725668013096
1145,4118,0,0,1,1,0.002088777953758836
1146,4122,2,0,2,1,0.002371217356994748
1147,4123,1,0,1,1,0.0013151189778000116
1148,4126,2,0,0,1,0.0023506972938776016
1149,4129,1,0,2,1,0.0008071862976066768
1150,4135,1,0,1,0,0.9876153469085693
1151,4138,2,0,2,0,0.9879674315452576
1152,4141,0,3,0,1,0.4309901297092438
1153,4143,0,3,0,1,0.1204981729388237
1154,4147,0,0,2,0,0.9874990582466125
1155,4148,0,1,0,1,0.0030573878902941942
1156,4149,2,0,0,1,0.0007643649005331099
1157,4152,0,3,0,1,0.0023109910544008017
1158,4155,0,0,2,1,0.0019405991770327091
1159,4162,0,0,2,0,0.9855166077613831
1160,4168,1,0,0,1,0.000732510001398623
1161,4170,0,0,2,1,0.0011401425581425428
1162,4173,2,0,0,1,0.0007616241346113384
1163,4174,2,0,0,1,0.0007156770443543792
1164,4175,1,0,0,1,0.0006564722862094641
1165,4176,0,0,2,0,0.9873598217964172
1166,4179,0,3,0,1,0.0006139860488474369
1167,4182,1,0,0,1,0.0012276400811970234
1168,4187,1,0,0,1,0.0010102069936692715
1169,4188,0,0,2,0,0.012927786447107792
1170,4190,0,0,2,0,0.9867506623268127
1171,4191,0,0,2,1,0.0014227803330868483
1172,4195,2,0,1,1,0.004302957095205784
1173,4198,1,0,2,1,0.0013085472164675593
1174,4199,1,0,2,1,0.44496530294418335
1175,4200,0,0,2,1,0.008853675797581673
1176,4206,1,0,1,0,0.98116135597229
1177,4207,2,0,0,1,0.000660703401081264
1178,4210,2,0,0,0,0.9830969572067261
1179,4212,1,0,0,1,0.0011781209614127874
1180,4215,0,0,2,1,0.0013401084579527378
1181,4216,2,0,0,1,0.0005702002090401947
1182,4226,2,0,0,1,0.0009402870200574398
1183,4234,1,0,2,0,0.9870129227638245
1184,4236,2,0,0,0,0.9871110916137695
1185,4246,3,0,0,1,0.002128895837813616
1186,4248,1,0,0,1,0.0034142991062253714
1187,4250,0,0,2,1,0.0011991000501438975
1188,4254,2,0,0,1,0.0010209919419139624
1189,4259,2,0,0,1,0.0021148216910660267
1190,4262,1,0,2,1,0.0009596737800166011
1191,4267,1,0,1,1,0.0057492624036967754
1192,4273,1,0,0,1,0.0006574240396730602
1193,4276,0,3,0,1,0.002168476115912199
1194,4280,0,0,2,0,0.98336261510849
1195,4282,1,0,1,1,0.004260143730789423
1196,4285,1,0,0,1,0.0017726244404911995
1197,4286,2,0,1,1,0.002036311663687229
1198,4290,1,0,0,1,0.0008380960207432508
1199,4292,0,0,2,1,0.0008874285849742591
1200,4294,1,0,0,1,0.0009151001577265561
1201,4296,0,0,2,0,0.07984758913516998
1202,4307,0,0,2,1,0.001693793456070125
1203,4309,0,0,2,1,0.01705281250178814
1204,4310,0,0,2,1,0.00842209905385971
1205,4313,0,0,1,1,0.0015285676345229149
1206,4315,0,0,2,1,0.0024371466133743525
1207,4316,2,0,0,1,0.0007149588782340288
1208,4317,3,2,0,0,0.9876837134361267
1209,4320,0,0,2,1,0.0007973873289301991
1210,4322,1,0,0,0,0.9868450164794922
1211,4325,0,3,0,1,0.006621875334531069
1212,4331,0,0,2,1,0.0007635338697582483
1213,4334,0,0,2,1,0.0008932659402489662
1214,4338,0,3,0,1,0.0017922241240739822
1215,4345,2,0,0,1,0.001032077125273645
1216,4347,0,0,1,0,0.987013041973114
1217,4352,0,0,1,1,0.005022208206355572
1218,4353,1,0,1,1,0.0028350830543786287
1219,4358,0,0,2,1,0.0014791312860324979
1220,4359,0,0,2,1,0.001840169308707118
1221,4367,0,0,2,0,0.9861199855804443
1222,4368,0,0,2,1,0.0012931382516399026
1223,4374,0,0,2,0,0.9804586172103882
1224,4376,1,0,0,1,0.0006570183904841542
1225,4377,2,0,0,1,0.0016226896550506353
1226,4378,1,0,0,1,0.0017973517533391714
1227,4380,2,0,0,1,0.0005402867682278156
1228,4382,2,0,1,1,0.0016784523613750935
1229,4383,0,0,2,0,0.005489256698638201
1230,4385,2,0,0,1,0.0017456365749239922
1231,4389,1,0,0,0,0.9842914342880249
1232,4390,1,0,0,1,0.0010342203313484788
1233,4394,1,0,2,1,0.974003255367279
1234,4398,2,0,1,1,0.006880872882902622
1235,4404,0,0,2,1,0.0015123924240469933
1236,4409,2,0,0,1,0.0011499515967443585
1237,4412,0,0,2,0,0.9870753884315491
1238,4413,2,0,0,1,0.0008615013211965561
1239,4414,0,3,0,0,0.9857726693153381
1240,4417,1,0,0,1,0.0010142013197764754
1241,4420,2,0,0,1,0.00175219657830894
1242,4431,0,0,2,1,0.002377861412242055
1243,4436,2,0,0,1,0.0007774159894324839
1244,4438,0,0,2,1,0.011414007283747196
1245,4443,2,3,2,1,0.018071021884679794
1246,4446,1,0,0,1,0.0009215007885359228
1247,4448,0,0,2,1,0.0009840276325121522
1248,4451,2,0,0,1,0.0010540115181356668
1249,4452,1,0,0,1,0.003342512995004654
1250,4460,2,0,0,1,0.40016746520996094
1251,4461,2,0,2,0,0.9877480268478394
1252,4464,1,0,0,0,0.951657235622406
1253,4469,0,0,1,1,0.0014618238201364875
1254,4472,0,0,2,1,0.0030479319393634796
1255,4486,1,0,0,1,0.0007149230223149061
1256,4489,2,0,0,1,0.000662757724057883
1257,4491,0,0,2,1,0.0008148887427523732
1258,4504,0,3,2,0,0.9847202301025391
1259,4508,0,0,2,1,0.002828331897035241
1260,4510,2,0,0,1,0.002239227993413806
1261,4511,0,0,2,1,0.008153063245117664
1262,4512,1,0,0,1,0.0009962611366063356
1263,4521,1,0,0,1,0.000705584476236254
1264,4522,0,3,0,1,0.001721920445561409
1265,4525,2,1,0,1,0.000929309637285769
1266,4536,1,0,0,1,0.0019258307293057442
1267,4537,0,0,2,1,0.0018678726628422737
1268,4547,1,3,0,0,0.9832845330238342
1269,4554,0,0,1,1,0.09916312247514725
1270,4557,2,0,0,1,0.0007071576546877623
1271,4561,1,0,0,1,0.0011162556475028396
1272,4564,1,0,2,0,0.9102048277854919
1273,4571,0,0,2,1,0.0028106931131333113
1274,4580,1,0,0,1,0.002191877691075206
1275,4581,2,0,0,1,0.0009550683898851275
1276,4583,1,0,0,1,0.0010019952896982431
1277,4588,0,0,2,1,0.014022640883922577
1278,4592,2,0,1,1,0.006405414082109928
1279,4593,1,0,0,1,0.0013936940813437104
1280,4597,0,0,2,0,0.9853207468986511
1281,4599,1,0,2,1,0.001015134621411562
1282,4602,1,0,0,1,0.0021920872386544943
1283,4604,0,0,2,1,0.0012893922394141555
1284,4628,3,0,0,0,0.932546079158783
1285,4629,0,2,0,0,0.9864718914031982
1286,4631,0,0,2,1,0.0010729985078796744
1287,4632,1,0,0,1,0.0005575972609221935
1288,4648,2,0,0,1,0.0013903863728046417
1289,4651,0,0,2,1,0.04046630859375
1290,4655,0,0,2,1,0.0017466298304498196
1291,4658,1,0,0,1,0.002714832779020071
1292,4661,2,0,0,1,0.001152712618932128
1293,4662,2,0,2,1,0.0008390216971747577
1294,4664,0,3,0,1,0.004979642108082771
1295,4667,0,0,2,0,0.9846557378768921
1296,4670,2,0,0,1,0.0009699607617221773
1297,4671,0,0,2,1,0.0007432310376316309
1298,4677,0,0,2,1,0.0009618647745810449
1299,4683,0,0,2,1,0.0012881512520834804
1300,4687,1,0,0,1,0.0008038476225920022
1301,4692,0,3,0,0,0.9741970300674438
1302,4693,2,0,0,1,0.0011966503225266933
1303,4694,0,0,2,1,0.002714316826313734
1304,4698,1,2,1,1,0.0010939467465505004
1305,4704,0,0,2,1,0.0059340279549360275
1306,4709,0,0,2,1,0.003561019664630294
1307,4710,0,2,0,0,0.9852816462516785
1308,4711,0,0,2,1,0.002414317335933447
1309,4712,3,3,0,1,0.008751441724598408
1310,4718,1,0,1,1,0.0028523835353553295
1311,4727,0,0,2,0,0.9861802458763123
1312,4730,1,0,0,1,0.0007885675877332687
1313,4732,1,0,0,1,0.0018084386829286814
1314,4733,0,0,2,1,0.019695067778229713
1315,4735,1,0,0,0,0.9856153726577759
1316,4738,0,3,0,0,0.980589747428894
1317,4741,0,3,2,1,0.0015158542664721608
1318,4744,0,2,0,1,0.0006873714155517519
1319,4750,0,0,2,1,0.0009511734242551029
1320,4753,1,0,0,1,0.0010414449498057365
1321,4755,0,0,2,1,0.9841278195381165
1322,4758,0,0,2,1,0.0017139398260042071
1323,4759,0,0,2,1,0.0013327092165127397
1324,4761,0,0,2,1,0.0034938030876219273
1325,4763,0,3,0,0,0.9865463972091675
1326,4764,1,0,0,1,0.0005613128887489438
1327,4766,0,0,2,0,0.9874502420425415
1328,4771,0,3,0,1,0.0011599477147683501
1329,4774,1,0,0,0,0.9874809384346008
1330,4777,1,0,0,1,0.005726808216422796
1331,4779,3,0,0,0,0.9872024655342102
1332,4780,0,0,2,1,0.002165025332942605
1333,4782,0,0,2,0,0.9853383302688599
1334,4784,1,0,0,1,0.0009073361870832741
1335,4785,0,0,2,0,0.9660564064979553
1336,4794,2,0,0,1,0.0007189548341557384
1337,4797,0,0,2,1,0.0028500466141849756
1338,4798,0,0,1,1,0.01892693154513836
1339,4804,2,0,0,1,0.0012050862424075603
1340,4811,2,0,0,1,0.0027855492662638426
1341,4812,0,0,2,1,0.018316099420189857
1342,4814,2,0,2,1,0.0017761141061782837
1343,4827,1,0,0,1,0.0016914359293878078
1344,4829,3,0,0,1,0.038579583168029785
1345,4830,2,0,0,0,0.9874574542045593
1346,4833,2,0,0,1,0.001254345988854766
1347,4837,1,0,0,1,0.0006025212933309376
1348,4839,0,0,1,1,0.001922166207805276
1349,4847,0,0,2,1,0.004351789131760597
1350,4848,2,0,0,1,0.0009887354681268334
1351,4849,0,0,1,1,0.0008736061281524599
1352,4852,1,0,0,1,0.0013802252942696214
1353,4853,1,0,0,0,0.9848281741142273
1354,4854,0,0,2,0,0.08565405756235123
1355,4857,2,0,0,1,0.0064994278363883495
1356,4858,2,3,0,1,0.00269757816568017
1357,4859,2,0,0,1,0.0007866342202760279
1358,4871,0,0,2,0,0.9848504066467285
1359,4878,2,0,0,1,0.0008789180428721011
1360,4879,2,3,0,1,0.0014600360300391912
1361,4880,1,0,0,1,0.0010960856452584267
1362,4882,2,0,2,0,0.989615797996521
1363,4885,0,0,2,1,0.0006867939373478293
1364,4886,1,0,2,1,0.001381679787300527
1365,4887,0,0,2,1,0.011526992544531822
1366,4888,2,0,0,1,0.0006553258863277733
1367,4890,0,0,2,1,0.0010094230528920889
1368,4891,0,0,1,1,0.0029469626024365425
1369,4897,2,0,0,1,0.0005588500062003732
1370,4901,1,0,0,1,0.0010176798095926642
1371,4903,0,0,2,1,0.0034522435162216425
1372,4911,2,0,0,0,0.9859894514083862
1373,4912,0,3,0,0,0.9865749478340149
1374,4913,0,0,1,1,0.0021722503006458282
1375,4920,2,0,0,1,0.0023425952531397343
1376,4922,1,0,0,0,0.9827536344528198
1377,4925,2,0,0,1,0.0015046140179038048
1378,4930,0,0,2,1,0.002374635310843587
1379,4932,1,0,0,1,0.0008659554878249764
1380,4935,0,2,0,1,0.0012352237245067954
1381,4937,0,3,2,0,0.98508620262146
1382,4942,2,0,2,1,0.0005881590186618268
1383,4945,0,0,1,1,0.0017640843288972974
1384,4946,2,0,0,1,0.0015328573063015938
1385,4949,0,3,0,0,0.9870059490203857
1386,4953,0,0,2,1,0.0014130857307463884
1387,4957,1,0,0,1,0.000679739227052778
1388,4958,0,0,2,1,0.001954552484676242
1389,4961,0,0,2,0,0.9405631422996521
1390,4962,2,0,0,1,0.0008650086238048971
1391,4967,2,0,2,1,0.00536047387868166
1392,4968,2,0,0,1,0.0020812014117836952
1393,4971,0,0,2,1,0.0016208405140787363
1394,4973,0,0,2,1,0.002908851718530059
1395,4975,1,0,0,1,0.0011602140730246902
1396,4976,0,0,2,1,0.0014264800120145082
1397,4978,0,0,1,1,0.0019065929809585214
1398,4980,1,0,0,1,0.0010811537504196167
1399,4984,0,0,2,1,0.0008031761390157044
1400,4985,3,3,0,1,0.011587860994040966
1401,4998,0,0,2,1,0.012047193944454193
1402,5000,1,0,0,1,0.0008943859720602632
1403,5002,0,0,2,1,0.0015725753037258983
1404,5005,1,0,0,0,0.9837469458580017
1405,5007,1,0,0,1,0.0008515928057022393
1406,5016,2,0,1,0,0.9754024147987366
1407,5020,1,0,0,1,0.001877523842267692
1408,5023,3,0,0,0,0.9857688546180725
1409,5024,0,0,2,0,0.9837987422943115
1410,5029,0,0,2,1,0.0024746188428252935
1411,5030,2,0,0,1,0.0007912626606412232
1412,5033,2,0,2,1,0.001170630450360477
1413,5034,2,0,0,1,0.0007158625521697104
1414,5035,0,0,2,1,0.0032439895439893007
1415,5040,1,0,0,1,0.000977940857410431
1416,5043,0,0,2,0,0.9848831295967102
1417,5047,1,0,0,1,0.0021882732398808002
1418,5048,2,0,0,1,0.0008595719118602574
1419,5052,1,0,0,1,0.0017553429352119565
1420,5056,2,0,2,0,0.9848190546035767
1421,5062,2,0,2,1,0.001106753246858716
1422,5069,1,0,2,1,0.0009246054105460644
1423,5070,0,3,0,0,0.9850459694862366
1424,5074,0,0,2,1,0.0006695230258628726
1425,5076,1,0,0,1,0.005528410896658897
1426,5077,0,0,2,1,0.0020411207806319
1427,5078,0,0,2,1,0.0008985316380858421
1428,5084,1,0,0,1,0.000970717053860426
1429,5085,1,0,0,1,0.0010918488260358572
1430,5086,2,0,2,1,0.00950665958225727
1431,5088,1,0,0,0,0.9821372628211975
1432,5099,2,3,2,0,0.9863342642784119
1433,5103,2,0,0,1,0.0012368278112262487
1434,5107,0,0,1,1,0.7238802909851074
1435,5108,1,0,1,1,0.1529817432165146
1436,5109,0,0,1,1,0.005510637536644936
1437,5115,2,0,2,1,0.0027443994767963886
1438,5117,0,0,2,1,0.005119748879224062
1439,5119,0,0,2,0,0.9829813838005066
1440,5124,2,0,0,1,0.0011474053608253598
1441,5128,0,0,2,0,0.986396074295044
1442,5131,0,0,1,0,0.9854405522346497
1443,5134,0,3,0,0,0.9845214486122131
1444,5140,0,0,2,1,0.0007305245380848646
1445,5141,1,0,0,1,0.0006456326809711754
1446,5144,0,0,2,0,0.9860007166862488
1447,5148,0,0,2,1,0.003189966781064868
1448,5152,0,0,1,0,0.9317410588264465
1449,5155,0,3,0,1,0.002537147607654333
1450,5166,0,0,2,1,0.005158925428986549
1451,5167,0,0,2,0,0.9855540990829468
1452,5171,3,0,0,1,0.0024832794442772865
1453,5174,1,0,0,1,0.0006618850748054683
1454,5181,0,0,2,1,0.0030415705405175686
1455,5198,0,0,2,1,0.0009714020416140556
1456,5201,1,0,0,1,0.001525301719084382
1457,5202,1,0,0,1,0.0032071522437036037
1458,5210,0,0,2,1,0.899917483329773
1459,5212,0,0,2,1,0.0008844849071465433
1460,5215,2,0,0,1,0.0020960692781955004
1461,5219,2,0,0,1,0.0007358998991549015
1462,5220,1,0,2,0,0.9835194945335388
1463,5223,0,0,1,1,0.0019171314779669046
1464,5228,2,0,0,1,0.0016680093249306083
1465,5233,1,0,0,1,0.003253535134717822
1466,5244,2,0,2,1,0.0017138412222266197
1467,5245,0,0,2,1,0.000732510641682893
1468,5250,0,3,2,1,0.9500194191932678
1469,5251,0,0,2,0,0.985152006149292
1470,5252,1,0,0,1,0.0005385697586461902
1471,5253,0,0,2,1,0.0011653234250843525
1472,5255,0,0,2,1,0.0006619292544201016
1473,5265,2,0,0,1,0.0011475901119410992
1474,5266,2,0,2,1,0.0012468094937503338
1475,5268,0,1,0,1,0.0019731693901121616
1476,5269,1,0,1,1,0.005835103802382946
1477,5270,1,0,0,1,0.001006866223178804
1478,5277,2,0,2,1,0.0010776094859465957
1479,5287,0,0,2,1,0.0007859261822886765
1480,5289,1,0,0,1,0.002324111061170697
1481,5290,0,0,2,1,0.004238722380250692
1482,5291,1,0,0,1,0.001199923804961145
1483,5293,1,0,2,1,0.0008137410040944815
1484,5303,2,0,0,1,0.00103844259865582
1485,5310,0,0,2,1,0.0018385217990726233
1486,5311,1,0,2,1,0.0009666289552114904
1487,5319,1,0,2,1,0.0029409455601125956
1488,5323,0,0,2,1,0.0027899208944290876
1489,5335,2,0,0,0,0.9838700890541077
1490,5336,2,0,0,1,0.0006931540556252003
1491,5339,0,3,0,1,0.003505203640088439
1492,5345,0,1,0,1,0.0014439676888287067
1493,5348,0,0,2,1,0.0010187949519604445
1494,5352,1,0,2,1,0.001354646752588451
1495,5355,0,1,0,1,0.005186771508306265
1496,5362,0,0,1,1,0.00241730734705925
1497,5364,1,0,0,0,0.9868104457855225
1498,5365,0,0,1,1,0.0013801042223349214
1499,5368,0,0,2,0,0.9867013096809387
1500,5375,3,0,0,0,0.9872344136238098
1501,5376,0,1,0,1,0.010598313063383102
1502,5378,0,0,2,1,0.0027676511090248823
1503,5379,1,0,0,1,0.0009902219753712416
1504,5380,2,0,0,1,0.0019464578945189714
1505,5383,0,0,2,0,0.9774456024169922
1506,5384,0,0,2,1,0.0013031561393290758
1507,5388,0,0,2,1,0.004150960128754377
1508,5391,0,3,0,1,0.0017576069803908467
1509,5399,2,0,0,1,0.0011062035337090492
1510,5403,0,0,2,0,0.9585250020027161
1511,5408,0,0,2,1,0.7596486210823059
1512,5410,0,0,2,1,0.0026316565927118063
1513,5411,2,0,0,1,0.0016349093057215214
1514,5413,1,0,0,1,0.0009303878759965301
1515,5416,2,0,0,1,0.0007088967831805348
1516,5425,2,0,0,1,0.0009283184772357345
1517,5426,1,0,0,1,0.0008232990512624383
1518,5432,0,3,0,0,0.9869915246963501
1519,5443,0,0,2,1,0.053222160786390305
1520,5445,1,0,0,1,0.0009655875037424266
1521,5450,0,0,2,1,0.0010640451218932867
1522,5454,1,0,1,0,0.985491156578064
1523,5456,1,0,0,1,0.0007888599648140371
1524,5457,2,0,0,0,0.9873994588851929
1525,5459,0,3,0,0,0.9863554835319519
1526,5460,0,0,1,0,0.9818414449691772
1527,5470,1,0,2,1,0.0013923788210377097
1528,5471,1,0,0,1,0.0007533998577855527
1529,5476,0,0,2,1,0.001400890527293086
1530,5478,2,0,0,1,0.0010673693614080548
1531,5482,0,0,2,1,0.00105538300704211
1532,5483,0,3,0,1,0.001795556046999991
1533,5497,2,0,2,1,0.000815442530438304
1534,5498,2,0,0,1,0.0008104383596219122
1535,5505,1,0,2,0,0.9851603507995605
1536,5506,0,0,1,1,0.039882808923721313
1537,5510,0,3,0,0,0.977272629737854
1538,5518,2,0,0,1,0.0006974339485168457
1539,5524,2,0,2,1,0.0007253052899613976
1540,5526,0,0,2,0,0.9244548678398132
1541,5527,0,0,2,1,0.00156958878505975
1542,5530,2,0,2,1,0.0008274907595477998
1543,5531,0,0,2,1,0.9863515496253967
1544,5538,0,0,1,1,0.003936732187867165
1545,5539,0,0,2,0,0.9860374331474304
1546,5540,2,0,2,1,0.0008604726172052324
1547,5542,1,0,0,1,0.0010835083667188883
1548,5543,0,0,2,1,0.0016954197781160474
1549,5544,0,0,2,1,0.004094405565410852
1550,5548,2,0,1,0,0.07856778055429459
1551,5549,2,0,0,1,0.0008178573334589601
1552,5551,2,0,0,1,0.004188392776995897
1553,5553,1,0,0,1,0.0013344524195417762
1554,5555,0,0,2,1,0.0015996979782357812
1555,5563,0,0,2,0,0.9881711006164551
1556,5564,0,0,1,0,0.9854641556739807
1557,5574,0,0,2,1,0.004100969061255455
1558,5575,2,0,0,1,0.0011394128669053316
1559,5581,0,3,2,1,0.0026666095945984125
1560,5592,0,0,2,1,0.0009406973258592188
1561,5593,0,0,2,1,0.0008714506984688342
1562,5600,0,0,2,0,0.9870918989181519
1563,5601,0,0,2,1,0.001163128879852593
1564,5607,0,0,1,0,0.9847317934036255
1565,5614,1,0,0,1,0.0048123924061656
1566,5620,0,3,0,1,0.000760673894546926
1567,5622,2,0,1,1,0.0016218309756368399
1568,5626,2,0,0,1,0.0009300830424763262
1569,5630,0,0,2,1,0.0011677019065245986
1570,5636,1,0,0,1,0.000692536763381213
1571,5638,1,0,0,1,0.0033278765622526407
1572,5644,0,0,1,1,0.0014358124462887645
1573,5648,0,0,1,1,0.001551075023598969
1574,5654,0,0,1,1,0.002020609565079212
1575,5655,1,0,2,1,0.0010069870622828603
1576,5657,1,0,0,1,0.0007599812815897167
1577,5658,0,2,1,0,0.9875911474227905
1578,5664,2,0,0,1,0.0006783552817068994
1579,5667,1,0,0,0,0.987210750579834
1580,5669,1,0,0,1,0.0008815957116894424
1581,5671,2,0,0,1,0.0006985941436141729
1582,5672,0,0,2,1,0.0015549961244687438
1583,5673,3,0,0,1,0.011633805930614471
1584,5677,0,0,2,1,0.011880680918693542
1585,5684,0,0,2,1,0.0006947264191694558
1586,5688,0,0,2,1,0.000859169929753989
1587,5690,1,0,2,1,0.407791405916214
1588,5695,2,0,0,1,0.008031778037548065
1589,5697,1,0,0,1,0.0009609665721654892
1590,5698,0,0,2,1,0.0014989932533353567
1591,5704,2,0,2,1,0.0014955222140997648
1592,5708,2,0,0,1,0.0005339752533473074
1593,5711,1,0,0,1,0.0014308050740510225
1594,5715,0,0,2,0,0.9861605167388916
1595,5717,0,0,2,0,0.9870715737342834
1596,5721,2,0,2,1,0.0013724080054089427
1597,5722,2,0,0,1,0.0012488384963944554
1598,5725,2,1,2,1,0.0017497686203569174
1599,5728,0,3,0,1,0.0019052858697250485
1600,5729,2,0,0,1,0.0006730876048095524
1601,5733,0,0,1,1,0.0007227971218526363
1602,5734,0,0,2,1,0.002298960229381919
1603,5737,0,1,0,1,0.003870324930176139
1604,5739,1,0,0,1,0.0008983479347079992
1605,5743,0,0,2,1,0.0013068831758573651
1606,5746,1,0,0,1,0.001240181620232761
1607,5754,2,0,0,1,0.0011061107506975532
1608,5756,1,0,0,1,0.00090593850472942
1609,5765,2,0,0,1,0.0017466373974457383
1610,5769,0,0,2,1,0.005384562537074089
1611,5770,2,3,0,0,0.9873002171516418
1612,5776,2,2,0,0,0.9804679155349731
1613,5777,1,0,2,1,0.0010538899805396795
1614,5780,0,0,2,1,0.007741465698927641
1615,5781,0,0,1,0,0.9870063066482544
1616,5786,2,0,1,1,0.002368811285123229
1617,5787,1,0,0,1,0.0008924054563976824
1618,5789,2,0,0,1,0.002427304396405816
1619,5790,0,0,2,0,0.986952543258667
1620,5791,0,0,1,1,0.005124281160533428
1621,5797,1,0,0,1,0.0007856154115870595
1622,5801,1,0,0,1,0.0005593554815277457
1623,5804,1,0,2,1,0.000986119150184095
1624,5806,0,0,2,1,0.00913268979638815
1625,5816,0,0,2,0,0.9775787591934204
1626,5818,0,0,2,1,0.0018129633972421288
1627,5824,2,0,2,1,0.0012769252061843872
1628,5829,1,0,2,1,0.0009492288809269667
1629,5833,2,0,0,1,0.0006959185702726245
1630,5835,3,0,0,0,0.9869961738586426
1631,5839,2,0,0,1,0.0011022021062672138
1632,5846,1,0,0,1,0.0007997197099030018
1633,5848,0,0,2,1,0.0013218560488894582
1634,5865,2,0,0,1,0.0008058467647060752
1635,5867,1,0,2,1,0.0011505312286317348
1636,5869,0,1,0,1,0.0012958372244611382
1637,5874,0,0,1,0,0.9844767451286316
1638,5875,1,0,0,1,0.0018870276398956776
1639,5876,2,0,0,1,0.0005275634466670454
1640,5879,0,0,2,1,0.0010298530105501413
1641,5881,2,0,1,1,0.007287607528269291
1642,5885,0,3,0,0,0.985721230506897
1643,5896,0,0,2,0,0.9547557234764099
1644,5897,1,0,0,1,0.0008047536248341203
1645,5902,0,3,2,0,0.9849904179573059
1646,5903,2,0,0,1,0.0010396706638857722
1647,5904,2,0,0,1,0.0020685361232608557
1648,5912,0,3,1,1,0.007498342543840408
1649,5917,0,0,1,0,0.9806504845619202
1650,5919,0,0,2,0,0.9804621934890747
1651,5924,2,0,0,1,0.001499350881204009
1652,5928,2,0,0,1,0.0007453496800735593
1653,5937,2,3,2,1,0.0032955268397927284
1654,5941,2,0,2,1,0.23357141017913818
1655,5942,2,0,0,1,0.0012135814176872373
1656,5944,1,0,1,0,0.9871059656143188
1657,5945,0,0,2,0,0.9826235175132751
1658,5948,1,0,0,1,0.0018915036926046014
1659,5955,0,0,2,1,0.0048154192045331
1660,5959,0,0,2,1,0.001785361673682928
1661,5976,0,0,2,1,0.0013855498982593417
1662,5979,0,0,1,0,0.9866430759429932
1663,5981,1,0,0,1,0.0009452866506762803
1664,5982,2,0,0,1,0.0021339424420148134
1665,5985,2,0,0,1,0.966907799243927
1666,5988,1,0,0,1,0.00103355897590518
1667,5991,2,0,2,1,0.0012489371001720428
1668,5992,1,0,2,1,0.0013097160262987018
1669,5998,1,0,0,1,0.0031961072236299515
1670,6002,2,0,0,1,0.010591545142233372
1671,6006,2,0,2,1,0.0025445714127272367
1672,6009,2,0,0,1,0.0008112782379612327
1673,6012,1,0,0,1,0.0010895353043451905
1674,6015,1,0,1,1,0.0010670835617929697
1675,6025,1,0,0,1,0.0019046238157898188
1676,6026,0,0,2,1,0.0011631585657596588
1677,6027,1,3,0,0,0.9864756464958191
1678,6031,2,0,0,1,0.000781859562266618
1679,6039,2,0,0,1,0.0028785367030650377
1680,6044,2,3,0,1,0.001054701511748135
1681,6047,0,0,2,1,0.0025154687464237213
1682,6051,1,0,0,0,0.9838294386863708
1683,6052,2,0,0,1,0.0006576702580787241
1684,6053,1,0,0,1,0.002884491113945842
1685,6054,0,0,2,1,0.001555924885906279
1686,6059,0,0,2,1,0.001678125699982047
1687,6062,1,0,0,1,0.0009271235321648419
1688,6070,1,3,0,1,0.012566724792122841
1689,6073,0,0,2,1,0.004048164002597332
1690,6078,1,0,0,1,0.0010142013197764754
1691,6080,1,0,0,1,0.0021209416445344687
1692,6082,2,0,0,1,0.0009172134450636804
1693,6084,2,0,0,1,0.0014336666790768504
1694,6086,0,0,1,0,0.9839509725570679
1695,6088,1,0,0,1,0.0010074812453240156
1696,6089,0,0,2,1,0.0024115866981446743
1697,6090,0,0,2,0,0.9683170318603516
1698,6094,0,3,0,1,0.002372284419834614
1699,6096,0,3,0,1,0.001780751277692616
1700,6101,2,0,0,1,0.0016964450478553772
1701,6103,0,0,2,0,0.9521828293800354
1702,6104,0,0,2,1,0.001619547139853239
1703,6107,3,0,2,0,0.9870692491531372
1704,6113,0,3,0,1,0.005144748371094465
1705,6118,0,0,2,1,0.8198546171188354
1706,6119,1,0,0,1,0.0007622899138368666
1707,6120,0,0,2,0,0.953025221824646
1708,6121,0,3,0,0,0.9794813990592957
1709,6123,2,0,0,1,0.004002811852842569
1710,6124,1,0,0,1,0.0016278636176139116
1711,6128,1,0,0,1,0.000818475557025522
1712,6130,0,0,2,1,0.9567441344261169
1713,6133,2,0,0,0,0.986212968826294
1714,6136,0,0,2,1,0.0021107441280037165
1715,6139,1,0,0,1,0.0006028698990121484
1716,6142,2,0,1,0,0.9863938689231873
1717,6143,0,0,2,1,0.0009772208286449313
1718,6146,1,0,0,1,0.0008745993254706264
1719,6147,1,0,0,0,0.9662435054779053
1720,6151,1,0,0,1,0.0009625069214962423
1721,6153,2,0,2,0,0.9866766929626465
1722,6155,0,0,1,1,0.5704288482666016
1723,6161,2,0,0,1,0.004921656101942062
1724,6166,0,0,1,0,0.9616713523864746
1725,6172,3,0,0,0,0.9857403635978699
1726,6173,2,0,1,0,0.9775839447975159
1727,6174,0,0,2,1,0.003946340177208185
1728,6178,0,0,2,0,0.9870592355728149
1729,6181,2,0,0,1,0.0006345414440147579
1730,6182,1,1,0,1,0.002288856077939272
1731,6183,2,0,0,1,0.0007031557615846395
1732,6184,0,2,0,0,0.9840876460075378
1733,6206,1,0,2,1,0.0013235367368906736
1734,6209,0,0,2,1,0.007810240611433983
1735,6213,2,0,2,1,0.09761908650398254
1736,6216,2,0,2,1,0.0009886466432362795
1737,6218,0,3,0,0,0.9868179559707642
1738,6221,0,0,2,0,0.9874180555343628
1739,6223,0,0,2,1,0.8170806765556335
1740,6227,0,0,2,1,0.0007025669910944998
1741,6229,2,0,2,1,0.0017924767453223467
1742,6230,0,3,0,1,0.0030501976143568754
1743,6231,0,0,2,1,0.0007463483489118516
1744,6235,1,0,0,1,0.0022443614434450865
1745,6236,1,0,0,0,0.9471656084060669
1746,6244,2,0,2,1,0.004521320108324289
1747,6245,0,3,0,1,0.0009078995208255947
1748,6246,0,2,1,0,0.9856253266334534
1749,6247,3,0,0,1,0.010310494340956211
1750,6251,0,0,2,0,0.9865548610687256
1751,6253,2,0,0,1,0.0028124283999204636
1752,6254,0,0,1,1,0.0033800238743424416
1753,6255,0,0,2,0,0.9871158003807068
1754,6258,1,0,2,1,0.0013769632205367088
1755,6263,2,0,0,1,0.0011187167838215828
1756,6265,2,0,0,1,0.000977443647570908
1757,6269,0,0,2,0,0.9874551296234131
1758,6270,0,0,2,1,0.0009833064395934343
1759,6272,2,0,0,1,0.0009431877406314015
1760,6274,0,0,2,1,0.005231176503002644
1761,6279,0,0,1,1,0.001285202568396926
1762,6280,0,0,1,0,0.983150064945221
1763,6283,0,3,0,0,0.9857882857322693
1764,6290,1,0,0,1,0.0027516151312738657
1765,6294,1,0,0,1,0.0008729151450097561
1766,6295,1,0,0,1,0.000818524626083672
1767,6297,0,0,2,1,0.0015355466166511178
1768,6299,1,0,0,1,0.0021784708369523287
1769,6300,0,0,2,1,0.009482412599027157
1770,6302,0,0,1,1,0.0014116807142272592
1771,6303,2,0,2,1,0.0019354813266545534
1772,6313,0,0,2,1,0.0006416114047169685
1773,6319,0,0,2,1,0.0075445594266057014
1774,6322,0,3,0,1,0.0026538304518908262
1775,6323,1,0,0,1,0.0006884466856718063
1776,6325,0,0,2,1,0.0017693083500489593
1777,6326,2,0,2,1,0.00438382662832737
1778,6327,1,0,2,0,0.9849448800086975
1779,6331,2,0,0,0,0.984885573387146
1780,6337,0,0,2,1,0.03139017894864082
1781,6354,0,0,2,0,0.9855197668075562
1782,6357,2,0,0,1,0.0008901715627871454
1783,6369,0,0,2,0,0.9876810312271118
1784,6376,0,0,2,1,0.0029702954925596714
1785,6379,2,0,2,1,0.002217709319666028
1786,6396,0,3,2,0,0.9841493964195251
1787,6401,1,0,0,1,0.0018168214010074735
1788,6411,0,0,2,1,0.0032483262475579977
1789,6413,0,0,2,0,0.9812605381011963
1790,6416,0,0,2,0,0.9829134345054626
1791,6418,0,0,2,1,0.0029622286092489958
1792,6422,2,0,2,1,0.0012673083692789078
1793,6425,0,0,2,1,0.0011126354802399874
1794,6428,3,0,2,1,0.0767408013343811
1795,6430,0,0,2,1,0.0009241591906175017
1796,6431,0,0,2,1,0.0014988441253080964
1797,6438,0,0,2,1,0.0027594773564487696
1798,6444,0,3,0,1,0.005555659532546997
1799,6448,1,0,2,1,0.0011096621165052056
1800,6449,0,0,2,1,0.002096530282869935
1801,6452,1,0,1,1,0.0028376521077007055
1802,6455,1,0,0,1,0.0055124806240201
1803,6456,2,0,0,1,0.0017751954728737473
1804,6457,0,0,2,1,0.003045518882572651
1805,6468,0,0,1,0,0.9825489521026611
1806,6471,0,1,2,0,0.9867849946022034
1807,6472,1,0,0,1,0.0031767934560775757
1808,6474,2,0,0,1,0.0011866263812407851
1809,6475,0,0,2,1,0.0010078104678541422
1810,6476,0,3,0,1,0.004903590306639671
1811,6482,0,0,2,1,0.0011351368157193065
1812,6487,1,0,0,1,0.0008412504103034735
1813,6490,0,0,1,0,0.8136503100395203
1814,6493,1,0,0,1,0.0012456190306693316
1815,6496,0,0,1,0,0.22656217217445374
1816,6499,0,0,1,0,0.9841883182525635
1817,6502,3,3,0,0,0.9883272051811218
1818,6504,0,0,2,1,0.0008399936486966908
1819,6508,1,0,0,1,0.002150150015950203
1820,6510,1,0,0,1,0.0024552589748054743
1821,6512,1,0,0,1,0.001146345166489482
1822,6516,3,0,2,0,0.9775649309158325
1823,6519,0,3,0,1,0.001379362540319562
1824,6521,2,0,2,1,0.0411539264023304
1825,6524,2,0,2,1,0.0012277137720957398
1826,6528,2,0,2,1,0.0024865579325705767
1827,6529,0,0,2,1,0.0006087268702685833
1828,6535,2,0,2,1,0.005736637394875288
1829,6539,0,0,2,1,0.002145135775208473
1830,6541,0,0,2,1,0.0019269573967903852
1831,6553,2,0,0,1,0.001002054545097053
1832,6554,0,0,2,1,0.0015388971660286188
1833,6557,1,0,0,1,0.0006013927049934864
1834,6559,0,0,1,0,0.9864886403083801
1835,6565,1,0,0,1,0.0010927780531346798
1836,6573,0,0,2,1,0.004638553597033024
1837,6578,2,0,0,1,0.005046771839261055
1838,6579,0,0,2,1,0.016293596476316452
1839,6583,0,0,2,0,0.9792400598526001
1840,6585,1,0,1,0,0.9862727522850037
1841,6587,1,0,0,1,0.9576407074928284
1842,6590,0,0,1,1,0.001587748876772821
1843,6594,1,3,0,0,0.9863818883895874
1844,6598,0,0,1,1,0.0019480185583233833
1845,6601,0,0,1,1,0.003066327888518572
1846,6602,2,0,0,1,0.0026370661798864603
1847,6607,1,0,0,1,0.0016072996659204364
1848,6609,1,0,0,1,0.0007731984951533377
1849,6615,1,0,0,1,0.0023417863994836807
1850,6622,0,2,0,0,0.9885460734367371
1851,6623,0,0,2,1,0.0007621421827934682
1852,6624,0,0,2,1,0.0013450294500216842
1853,6630,0,1,0,1,0.0016058130422607064
1854,6635,1,0,0,1,0.0025297561660408974
1855,6636,2,0,0,1,0.0011534781660884619
1856,6638,2,0,0,1,0.020618237555027008
1857,6639,0,0,2,1,0.0009030785295180976
1858,6642,0,0,2,1,0.001406900119036436
1859,6645,2,0,1,1,0.0009136965381912887
1860,6647,2,0,2,1,0.0006152490386739373
1861,6652,0,0,2,0,0.9872592091560364
1862,6653,0,3,0,0,0.984148383140564
1863,6654,1,0,0,1,0.0005576536059379578
1864,6656,2,0,1,1,0.0022012144327163696
1865,6657,0,0,1,0,0.9848846197128296
1866,6661,0,0,2,1,0.0019235884537920356
1867,6664,0,0,2,0,0.9869124889373779
1868,6668,1,0,0,1,0.0005403918330557644
1869,6670,2,0,0,0,0.9708894491195679
1870,6672,1,3,0,1,0.0026347071398049593
1871,6675,0,0,1,0,0.9861845374107361
1872,6676,2,0,0,1,0.0014245074708014727
1873,6680,1,0,2,1,0.001767746638506651
1874,6681,0,3,0,0,0.9861251711845398
1875,6689,0,0,2,1,0.0008441861136816442
1876,6695,0,0,2,1,0.0019531473517417908
1877,6699,0,0,2,0,0.004379385616630316
1878,6705,0,0,2,1,0.0015154703287407756
1879,6709,0,0,2,1,0.010978282429277897
1880,6712,0,3,0,1,0.003258476499468088
1881,6713,2,0,0,1,0.0011900925310328603
1882,6714,0,0,2,1,0.08283834159374237
1883,6715,2,0,0,1,0.0016427406808361411
1884,6718,0,0,2,1,0.00107761868275702
1885,6719,0,3,2,1,0.029400449246168137
1886,6727,1,0,0,1,0.0015236266190186143
1887,6728,2,0,0,1,0.0014546237653121352
1888,6731,2,0,0,1,0.0016831067623570561
1889,6735,2,0,0,1,0.0009674237226136029
1890,6738,1,0,0,0,0.9845234155654907
1891,6739,1,0,0,1,0.0006865982431918383
1892,6740,0,0,2,1,0.0006080181919969618
1893,6745,0,0,2,0,0.9852685332298279
1894,6749,1,0,2,1,0.0007828742964193225
1895,6750,2,0,2,0,0.9853758215904236
1896,6753,1,0,0,1,0.0012452120427042246
1897,6755,0,0,1,1,0.00289659621194005
1898,6756,0,0,2,1,0.0014575320528820157
1899,6759,1,0,0,1,0.0010300629073753953
1900,6766,0,3,0,0,0.9856899380683899
1901,6773,0,0,1,1,0.0025018369778990746
1902,6775,2,0,0,0,0.9845160245895386
1903,6776,0,0,2,1,0.001528683234937489
1904,6787,1,0,0,0,0.8890307545661926
1905,6788,0,0,2,1,0.0010478032054379582
1906,6789,0,0,2,1,0.0020288233645260334
1907,6792,1,0,0,1,0.0007619311800226569
1908,6795,2,0,0,1,0.005010334774851799
1909,6796,0,0,1,1,0.0018806029111146927
1910,6800,0,0,2,1,0.0010042971698567271
1911,6801,0,0,2,1,0.001266636187210679
1912,6805,2,0,0,0,0.9857861995697021
1913,6813,1,0,0,1,0.0008274047286249697
1914,6815,2,0,2,1,0.001710726646706462
1915,6818,2,0,0,1,0.000754514941945672
1916,6821,1,0,0,1,0.0007037987234070897
1917,6822,0,0,1,0,0.9866194128990173
1918,6828,1,0,0,1,0.00271578598767519
1919,6830,0,3,0,1,0.004245868884027004
1920,6835,1,0,0,1,0.002328945556655526
1921,6838,0,0,2,1,0.019490353763103485
1922,6846,0,3,0,0,0.9859105348587036
1923,6854,0,0,2,1,0.0019764096941798925
1924,6858,0,0,1,1,0.0012861712602898479
1925,6860,0,1,2,0,0.9858583807945251
1926,6870,1,0,0,1,0.001709187519736588
1927,6877,0,0,2,1,0.9021714925765991
1928,6881,0,0,2,1,0.003145488677546382
1929,6886,2,0,2,1,0.0007796558202244341
1930,6892,0,0,2,1,0.0015981703763827682
1931,6898,1,0,0,1,0.001180663239210844
1932,6899,2,0,2,1,0.002157307928428054
1933,6901,0,0,1,1,0.01088719442486763
1934,6909,3,0,0,0,0.982612133026123
1935,6911,1,2,0,1,0.00481995427981019
1936,6912,0,0,2,1,0.0006105180946178734
1937,6913,2,0,0,1,0.0010684013832360506
1938,6915,0,3,0,1,0.004790293052792549
1939,6917,1,0,0,1,0.0024262685328722
1940,6925,1,0,2,0,0.9874783754348755
1941,6930,0,0,2,0,0.9861548542976379
1942,6933,1,0,0,1,0.0009958407608792186
1943,6939,2,0,1,0,0.9848048686981201
1944,6941,1,0,0,1,0.0012230672873556614
1945,6943,1,0,0,1,0.0007899966440163553
1946,6944,2,0,0,1,0.003820733865723014
1947,6946,0,0,2,1,0.002326802583411336
1948,6953,0,0,1,1,0.001393678248859942
1949,6959,0,0,2,1,0.014225146733224392
1950,6960,1,0,0,1,0.0008227418875321746
1951,6970,0,3,0,1,0.0012721979292109609
1952,6972,2,0,0,1,0.0013681354466825724
1953,6973,0,0,1,1,0.0011417401256039739
1954,6982,2,0,2,1,0.004136295057833195
1955,6987,0,0,2,1,0.002722900826483965
1956,6990,1,0,0,1,0.0028271556366235018
1957,6994,0,3,0,1,0.08567772805690765
1958,6995,0,0,1,1,0.0035979587119072676
1959,7001,0,0,2,1,0.0005271125119179487
1960,7006,0,0,1,1,0.0016412584809586406
1961,7008,2,0,0,1,0.0009024592000059783
1962,7010,2,0,0,1,0.0011290922993794084
1963,7011,0,0,1,0,0.9851518273353577
1964,7022,1,0,2,1,0.0007632275810465217
1965,7023,2,0,0,1,0.0017537876265123487
1966,7024,2,0,0,1,0.0006140246987342834
1967,7026,0,0,2,1,0.0007606068975292146
1968,7029,2,0,2,1,0.0022040491458028555
1969,7040,1,0,0,1,0.0036298579070717096
1970,7043,3,0,0,1,0.0015594854485243559
1971,7044,0,0,2,1,0.01025877334177494
1972,7046,0,0,2,1,0.0017406855477020144
1973,7047,2,0,0,1,0.0011935431975871325
1974,7048,0,0,1,0,0.9851799011230469
1975,7053,2,0,2,1,0.000848460360430181
1976,7055,0,3,0,0,0.9779989719390869
1977,7067,2,0,0,0,0.6615022420883179
1978,7069,1,0,1,1,0.0010351116070523858
1979,7074,1,0,0,1,0.0008726015803404152
1980,7079,2,0,0,1,0.0007873076247051358
1981,7080,0,0,2,1,0.002607879228889942
1982,7081,1,0,0,1,0.0009019752033054829
1983,7089,0,0,2,1,0.0008939012186601758
1984,7091,0,3,0,1,0.001986538292840123
1985,7092,1,0,0,1,0.001400805078446865
1986,7096,1,0,0,1,0.001605427823960781
1987,7099,2,0,0,1,0.002722210716456175
1988,7101,2,0,0,1,0.0009852711809799075
1989,7102,2,0,0,1,0.0007067011902108788
1990,7103,2,0,0,1,0.0014735766453668475
1991,7105,1,0,0,1,0.0016896638553589582
1992,7107,2,0,0,1,0.0013532108860090375
1993,7108,2,0,2,0,0.9159730076789856
1994,7109,1,0,0,1,0.0022977697663009167
1995,7110,0,0,2,0,0.9828633666038513
1996,7111,0,0,2,1,0.0010841412004083395
1997,7116,0,1,0,1,0.0027560468297451735
1998,7118,2,0,0,1,0.0006798603571951389
1999,7120,2,0,0,1,0.0028646839782595634
2000,7122,1,0,0,1,0.0013282163999974728
2001,7126,0,3,0,0,0.974907398223877
2002,7127,0,3,0,0,0.9860208630561829
2003,7132,2,0,0,1,0.0009222645312547684
2004,7135,2,0,2,1,0.0019718590192496777
2005,7136,0,0,2,1,0.0014031409518793225
2006,7145,2,0,2,1,0.0029687113128602505
2007,7152,0,0,2,0,0.9860857725143433
2008,7158,1,0,0,0,0.9826096296310425
2009,7159,0,0,1,1,0.00206565810367465
2010,7163,0,0,2,1,0.0015889034839347005
2011,7164,0,0,2,1,0.0014504920691251755
2012,7167,0,0,2,1,0.005370316095650196
2013,7169,1,0,0,0,0.9833780527114868
2014,7189,2,0,1,1,0.003040099050849676
2015,7192,2,0,0,1,0.0007315675029531121
2016,7196,2,0,2,1,0.0032336004078388214
2017,7199,0,0,2,1,0.001957143424078822
2018,7200,2,0,0,1,0.0008385101100429893
2019,7202,1,0,0,1,0.0015492095844820142
2020,7205,2,0,2,1,0.0013198257656767964
2021,7207,0,0,2,1,0.002333223819732666
2022,7209,0,0,1,1,0.003718737978488207
2023,7210,1,0,2,1,0.002221690956503153
2024,7211,1,0,0,1,0.00076910643838346
2025,7213,2,0,2,1,0.0008220048039220273
2026,7215,0,3,0,0,0.9847912192344666
2027,7217,0,0,2,0,0.7239370942115784
2028,7218,2,0,0,1,0.04507554695010185
2029,7221,0,0,2,0,0.9759830236434937
2030,7222,1,0,0,1,0.0014022467657923698
2031,7228,0,0,2,1,0.0019396666903048754
2032,7234,0,3,0,0,0.9853556752204895
2033,7237,2,0,0,1,0.0009050998487509787
2034,7238,0,0,2,1,0.004385995678603649
2035,7243,1,0,0,1,0.0019113299204036593
2036,7251,1,0,2,1,0.0009662280790507793
2037,7253,0,0,2,1,0.0013026220258325338
2038,7254,0,0,2,1,0.0032645175233483315
2039,7261,0,0,1,0,0.9822873473167419
2040,7268,2,0,0,1,0.0009458623244427145
2041,7272,0,3,0,1,0.001853867550380528
2042,7273,0,0,2,0,0.9808489680290222
2043,7275,0,0,2,0,0.9737589359283447
2044,7276,1,0,0,1,0.0026123235002160072
2045,7278,0,3,0,0,0.9773796200752258
2046,7280,0,0,2,0,0.975767970085144
2047,7282,2,0,0,1,0.0007353864493779838
2048,7283,2,0,0,1,0.0013371991226449609
2049,7284,0,3,0,1,0.0008326790994033217
2050,7291,1,0,2,1,0.0008470070897601545
2051,7292,0,0,2,1,0.0017906005959957838
2052,7294,2,0,0,1,0.003551759524270892
2053,7298,1,0,2,1,0.002099381061270833
2054,7303,2,3,0,0,0.9647316336631775
2055,7308,2,0,0,1,0.001092123449780047
2056,7312,0,0,2,1,0.0017339223995804787
2057,7313,2,0,0,1,0.0009013041271828115
2058,7316,0,0,1,0,0.9804419279098511
2059,7319,2,0,0,1,0.0014641673769801855
2060,7324,0,0,1,1,0.0012535213027149439
2061,7327,0,0,2,1,0.004088521935045719
2062,7337,2,0,0,1,0.0010989027796313167
2063,7341,0,0,2,1,0.0011200177250429988
2064,7345,1,0,1,1,0.004441519733518362
2065,7346,0,0,2,1,0.0009777728701010346
2066,7349,0,0,2,1,0.001279730349779129
2067,7353,1,0,2,1,0.0010951205622404814
2068,7354,0,0,2,1,0.002535236533731222
2069,7360,0,0,2,1,0.0027034443337470293
2070,7366,1,0,0,0,0.04203624650835991
2071,7368,1,0,0,0,0.9857901334762573
2072,7369,2,0,0,1,0.0020914606284350157
2073,7370,0,0,2,1,0.0014952544588595629
2074,7374,1,0,0,1,0.0011600274592638016
2075,7377,0,0,2,1,0.0011277474695816636
2076,7382,2,0,0,1,0.0018263001693412662
2077,7384,0,3,0,0,0.9826048016548157
2078,7385,0,0,1,1,0.004651320166885853
2079,7388,1,0,0,1,0.0007685184828005731
2080,7389,0,3,0,1,0.00134256889577955
2081,7390,0,0,2,0,0.9872889518737793
2082,7397,0,0,1,1,0.0037239829543977976
2083,7398,0,0,2,1,0.0007569254375994205
2084,7406,0,0,2,1,0.018809162080287933
2085,7411,2,0,0,1,0.0010223297867923975
2086,7414,2,0,0,1,0.0018539875745773315
2087,7423,0,0,2,1,0.002171973465010524
2088,7433,3,0,0,1,0.0055948784574866295
2089,7436,1,0,0,1,0.010426498018205166
2090,7437,0,0,2,0,0.9875828623771667
2091,7439,0,0,1,1,0.015428823418915272
2092,7444,1,0,0,1,0.0010965873952955008
2093,7447,2,0,0,1,0.002300906926393509
2094,7448,1,0,0,1,0.0006987602100707591
2095,7452,0,0,1,0,0.9863173961639404
2096,7453,2,0,0,1,0.0017474330961704254
2097,7456,0,3,0,1,0.002683578757569194
2098,7460,0,0,2,0,0.9859077334403992
2099,7462,2,0,0,1,0.0009556144941598177
2100,7464,0,1,0,0,0.9824529886245728
2101,7467,1,3,0,1,0.001163401873782277
2102,7468,0,3,0,1,0.012532098218798637
2103,7477,2,0,2,0,0.9159730076789856
2104,7482,0,0,2,1,0.0008343951194547117
2105,7485,0,3,0,0,0.9837881326675415
2106,7486,2,0,0,1,0.0008612431702204049
2107,7489,2,0,2,0,0.054563477635383606
